CREATE TABLE IF NOT EXISTS public.comment
(
    id integer NOT NULL,
    post_id integer NOT NULL,
    author_id integer NOT NULL,
    content text COLLATE pg_catalog."default" NOT NULL,
    published_at timestamp(0) without time zone NOT NULL
);

--
-- SQLINES DEMO ***  données de la table `comment`
--

-- SQLINES LICENSE FOR EVALUATION USE ONLY
INSERT INTO comment (id, post_id, author_id, content, published_at)
VALUES (1, 1, 3,
        'Abnobas sunt hilotaes de placidus vita. Eposs sunt solems de superbus fortis. Mauris dapibus risus quis suscipit vulputate. Urna nisl sollicitudin id varius orci quam id turpis. Era brevis ratione est. Sed varius a risus eget aliquam. Diatrias tolerare tanquam noster caesium. Pellentesque vitae velit ex. Aliquam sodales odio id eleifend tristique.',
        '2022-08-17 12:58:51'),
       (2, 1, 3,
        'Eposs sunt solems de superbus fortis. Nunc viverra elit ac laoreet suscipit. Diatrias tolerare tanquam noster caesium. Urna nisl sollicitudin id varius orci quam id turpis. Ubi est audax amicitia. Pellentesque et sapien pulvinar consectetur. Potus sensim ad ferox abnoba. Nulla porta lobortis ligula vel egestas. Ut eleifend mauris et risus ultrices egestas. Ubi est barbatus nix. Ut suscipit posuere justo at vulputate. Morbi tempus commodo mattis.',
        '2022-08-17 12:58:52'),
       (3, 1, 3,
        'Bassus fatalis classiss virtualiter transferre de flavum. Eros diam egestas libero eu vulputate risus. Pellentesque vitae velit ex. Diatrias tolerare tanquam noster caesium. Urna nisl sollicitudin id varius orci quam id turpis. Sunt torquises imitari velox mirabilis medicinaes.',
        '2022-08-17 12:58:53'),
       (4, 1, 3,
        'Curabitur aliquam euismod dolor non ornare. Silva de secundus galatae demitto quadra. Pellentesque vitae velit ex. Vae humani generis. Ubi est barbatus nix. Diatrias tolerare tanquam noster caesium. Ubi est audax amicitia. Eposs sunt solems de superbus fortis. Sunt torquises imitari velox mirabilis medicinaes. Morbi tempus commodo mattis.',
        '2022-08-17 12:58:54'),
       (5, 1, 3,
        'Aliquam sodales odio id eleifend tristique. Potus sensim ad ferox abnoba. Vae humani generis. Eposs sunt solems de superbus fortis. Sunt seculaes transferre talis camerarius fluctuies. Era brevis ratione est. Ut eleifend mauris et risus ultrices egestas. Sunt torquises imitari velox mirabilis medicinaes. Morbi tempus commodo mattis. Nulla porta lobortis ligula vel egestas. Ubi est barbatus nix. Bassus fatalis classiss virtualiter transferre de flavum.',
        '2022-08-17 12:58:55'),
       (6, 2, 3,
        'Vae humani generis. Abnobas sunt hilotaes de placidus vita. Ut suscipit posuere justo at vulputate. Aliquam sodales odio id eleifend tristique. Sed varius a risus eget aliquam. Diatrias tolerare tanquam noster caesium. Mauris dapibus risus quis suscipit vulputate. Teres talis saepe tractare de camerarius flavum sensorem. Pellentesque vitae velit ex. Morbi tempus commodo mattis. Nulla porta lobortis ligula vel egestas. Pellentesque et sapien pulvinar consectetur.',
        '2022-08-17 12:58:51'),
       (7, 2, 3,
        'Mauris dapibus risus quis suscipit vulputate. Mineralis persuadere omnes finises desiderium. Lorem ipsum dolor sit amet consectetur adipiscing elit. Vae humani generis. Aliquam sodales odio id eleifend tristique. Pellentesque vitae velit ex. Era brevis ratione est. Abnobas sunt hilotaes de placidus vita. Nunc viverra elit ac laoreet suscipit. Sunt accentores vitare salvus flavum parses.',
        '2022-08-17 12:58:52'),
       (8, 2, 3,
        'Aliquam sodales odio id eleifend tristique. Ubi est audax amicitia. Sunt seculaes transferre talis camerarius fluctuies. Eposs sunt solems de superbus fortis. Abnobas sunt hilotaes de placidus vita. Era brevis ratione est. Curabitur aliquam euismod dolor non ornare. Sunt torquises imitari velox mirabilis medicinaes. Pellentesque vitae velit ex. Mineralis persuadere omnes finises desiderium. Sunt accentores vitare salvus flavum parses.',
        '2022-08-17 12:58:53'),
       (9, 2, 3,
        'Diatrias tolerare tanquam noster caesium. Nulla porta lobortis ligula vel egestas. Ut suscipit posuere justo at vulputate. Sunt accentores vitare salvus flavum parses. In hac habitasse platea dictumst. Urna nisl sollicitudin id varius orci quam id turpis. Ubi est barbatus nix. Mineralis persuadere omnes finises desiderium. Lorem ipsum dolor sit amet consectetur adipiscing elit. Pellentesque vitae velit ex. Curabitur aliquam euismod dolor non ornare. Vae humani generis.',
        '2022-08-17 12:58:54'),
       (10, 2, 3,
        'Nunc viverra elit ac laoreet suscipit. Eposs sunt solems de superbus fortis. Curabitur aliquam euismod dolor non ornare. Ubi est barbatus nix. Lorem ipsum dolor sit amet consectetur adipiscing elit. Potus sensim ad ferox abnoba. Sunt torquises imitari velox mirabilis medicinaes. Aliquam sodales odio id eleifend tristique. Mauris dapibus risus quis suscipit vulputate. Teres talis saepe tractare de camerarius flavum sensorem. Abnobas sunt hilotaes de placidus vita.',
        '2022-08-17 12:58:55'),
       (11, 3, 3,
        'Curabitur aliquam euismod dolor non ornare. Sunt torquises imitari velox mirabilis medicinaes. Ut suscipit posuere justo at vulputate. Era brevis ratione est. Diatrias tolerare tanquam noster caesium. Morbi tempus commodo mattis. Sunt seculaes transferre talis camerarius fluctuies. Eros diam egestas libero eu vulputate risus. Mineralis persuadere omnes finises desiderium. Sed varius a risus eget aliquam.',
        '2022-08-17 12:58:51'),
       (12, 3, 3,
        'Potus sensim ad ferox abnoba. Ut eleifend mauris et risus ultrices egestas. Eros diam egestas libero eu vulputate risus. Diatrias tolerare tanquam noster caesium. Pellentesque vitae velit ex. Mineralis persuadere omnes finises desiderium. Era brevis ratione est. Ubi est barbatus nix.',
        '2022-08-17 12:58:52'),
       (13, 3, 3,
        'Sunt accentores vitare salvus flavum parses. Lorem ipsum dolor sit amet consectetur adipiscing elit. Vae humani generis. Potus sensim ad ferox abnoba. Sunt torquises imitari velox mirabilis medicinaes. Nulla porta lobortis ligula vel egestas. Eposs sunt solems de superbus fortis. Teres talis saepe tractare de camerarius flavum sensorem. Diatrias tolerare tanquam noster caesium. Era brevis ratione est. Aliquam sodales odio id eleifend tristique.',
        '2022-08-17 12:58:53'),
       (14, 3, 3,
        'Sunt seculaes transferre talis camerarius fluctuies. Potus sensim ad ferox abnoba. Eposs sunt solems de superbus fortis. Bassus fatalis classiss virtualiter transferre de flavum. Nunc viverra elit ac laoreet suscipit. Pellentesque et sapien pulvinar consectetur. Morbi tempus commodo mattis. Era brevis ratione est. Ut eleifend mauris et risus ultrices egestas. Ut suscipit posuere justo at vulputate. Silva de secundus galatae demitto quadra.',
        '2022-08-17 12:58:54'),
       (15, 3, 3,
        'Pellentesque vitae velit ex. Sunt seculaes transferre talis camerarius fluctuies. Eposs sunt solems de superbus fortis. Vae humani generis. Sunt accentores vitare salvus flavum parses. Ubi est audax amicitia. Eros diam egestas libero eu vulputate risus. Morbi tempus commodo mattis. Bassus fatalis classiss virtualiter transferre de flavum. Mineralis persuadere omnes finises desiderium. Ubi est barbatus nix.',
        '2022-08-17 12:58:55'),
       (16, 4, 3,
        'Morbi tempus commodo mattis. Lorem ipsum dolor sit amet consectetur adipiscing elit. Eposs sunt solems de superbus fortis. Mineralis persuadere omnes finises desiderium. Era brevis ratione est. Nulla porta lobortis ligula vel egestas. Bassus fatalis classiss virtualiter transferre de flavum. Ut eleifend mauris et risus ultrices egestas. Pellentesque vitae velit ex. Ubi est barbatus nix. Nunc viverra elit ac laoreet suscipit. Vae humani generis.',
        '2022-08-17 12:58:51'),
       (17, 4, 3,
        'Potus sensim ad ferox abnoba. Vae humani generis. Ubi est audax amicitia. Diatrias tolerare tanquam noster caesium. Sunt torquises imitari velox mirabilis medicinaes. Ubi est barbatus nix. Pellentesque et sapien pulvinar consectetur. Mauris dapibus risus quis suscipit vulputate. Eposs sunt solems de superbus fortis.',
        '2022-08-17 12:58:52'),
       (18, 4, 3,
        'Sunt seculaes transferre talis camerarius fluctuies. Sed varius a risus eget aliquam. Pellentesque et sapien pulvinar consectetur. Era brevis ratione est. Mineralis persuadere omnes finises desiderium. Ubi est audax amicitia. Sunt accentores vitare salvus flavum parses.',
        '2022-08-17 12:58:53'),
       (19, 4, 3,
        'Potus sensim ad ferox abnoba. Lorem ipsum dolor sit amet consectetur adipiscing elit. Morbi tempus commodo mattis. Sunt seculaes transferre talis camerarius fluctuies. Bassus fatalis classiss virtualiter transferre de flavum.',
        '2022-08-17 12:58:54'),
       (20, 4, 3,
        'Era brevis ratione est. Eposs sunt solems de superbus fortis. Sunt accentores vitare salvus flavum parses. Sed varius a risus eget aliquam. Eros diam egestas libero eu vulputate risus. Potus sensim ad ferox abnoba. Sunt seculaes transferre talis camerarius fluctuies.',
        '2022-08-17 12:58:55'),
       (21, 5, 3,
        'Era brevis ratione est. Ubi est barbatus nix. Mauris dapibus risus quis suscipit vulputate. Nunc viverra elit ac laoreet suscipit. Aliquam sodales odio id eleifend tristique. Lorem ipsum dolor sit amet consectetur adipiscing elit. Eposs sunt solems de superbus fortis. Nulla porta lobortis ligula vel egestas. Potus sensim ad ferox abnoba. Urna nisl sollicitudin id varius orci quam id turpis. Mineralis persuadere omnes finises desiderium.',
        '2022-08-17 12:58:51'),
       (22, 5, 3,
        'Lorem ipsum dolor sit amet consectetur adipiscing elit. Sunt accentores vitare salvus flavum parses. Nulla porta lobortis ligula vel egestas. Morbi tempus commodo mattis. Diatrias tolerare tanquam noster caesium. In hac habitasse platea dictumst.',
        '2022-08-17 12:58:52'),
       (23, 5, 3,
        'Eposs sunt solems de superbus fortis. Abnobas sunt hilotaes de placidus vita. Ubi est barbatus nix. Teres talis saepe tractare de camerarius flavum sensorem. Ut suscipit posuere justo at vulputate. Vae humani generis. Lorem ipsum dolor sit amet consectetur adipiscing elit. Sunt seculaes transferre talis camerarius fluctuies. Potus sensim ad ferox abnoba. Pellentesque et sapien pulvinar consectetur.',
        '2022-08-17 12:58:53'),
       (24, 5, 3,
        'Ut eleifend mauris et risus ultrices egestas. Sunt seculaes transferre talis camerarius fluctuies. Mauris dapibus risus quis suscipit vulputate. Ubi est audax amicitia. Teres talis saepe tractare de camerarius flavum sensorem. In hac habitasse platea dictumst. Aliquam sodales odio id eleifend tristique. Nunc viverra elit ac laoreet suscipit. Ubi est barbatus nix. Silva de secundus galatae demitto quadra.',
        '2022-08-17 12:58:54'),
       (25, 5, 3,
        'Nulla porta lobortis ligula vel egestas. Ut suscipit posuere justo at vulputate. Nunc viverra elit ac laoreet suscipit. Mineralis persuadere omnes finises desiderium. Eros diam egestas libero eu vulputate risus. Abnobas sunt hilotaes de placidus vita. Eposs sunt solems de superbus fortis. Sunt seculaes transferre talis camerarius fluctuies.',
        '2022-08-17 12:58:55'),
       (26, 6, 3,
        'Bassus fatalis classiss virtualiter transferre de flavum. Eros diam egestas libero eu vulputate risus. Curabitur aliquam euismod dolor non ornare. Ut suscipit posuere justo at vulputate. Aliquam sodales odio id eleifend tristique. Nulla porta lobortis ligula vel egestas. Pellentesque vitae velit ex. Lorem ipsum dolor sit amet consectetur adipiscing elit. Abnobas sunt hilotaes de placidus vita.',
        '2022-08-17 12:58:51'),
       (27, 6, 3,
        'Lorem ipsum dolor sit amet consectetur adipiscing elit. Ut suscipit posuere justo at vulputate. In hac habitasse platea dictumst. Mineralis persuadere omnes finises desiderium. Morbi tempus commodo mattis. Nunc viverra elit ac laoreet suscipit.',
        '2022-08-17 12:58:52'),
       (28, 6, 3,
        'Vae humani generis. Teres talis saepe tractare de camerarius flavum sensorem. Mineralis persuadere omnes finises desiderium. Morbi tempus commodo mattis. Aliquam sodales odio id eleifend tristique. Urna nisl sollicitudin id varius orci quam id turpis. In hac habitasse platea dictumst. Abnobas sunt hilotaes de placidus vita. Eposs sunt solems de superbus fortis.',
        '2022-08-17 12:58:53'),
       (29, 6, 3,
        'Pellentesque vitae velit ex. Potus sensim ad ferox abnoba. Nulla porta lobortis ligula vel egestas. Era brevis ratione est. Ut eleifend mauris et risus ultrices egestas. Morbi tempus commodo mattis. Ubi est barbatus nix. Mineralis persuadere omnes finises desiderium. Diatrias tolerare tanquam noster caesium. Aliquam sodales odio id eleifend tristique.',
        '2022-08-17 12:58:54'),
       (30, 6, 3,
        'Nulla porta lobortis ligula vel egestas. Eposs sunt solems de superbus fortis. Mineralis persuadere omnes finises desiderium. Silva de secundus galatae demitto quadra. Potus sensim ad ferox abnoba. Nunc viverra elit ac laoreet suscipit. In hac habitasse platea dictumst.',
        '2022-08-17 12:58:56'),
       (31, 7, 3,
        'Sunt torquises imitari velox mirabilis medicinaes. Ut suscipit posuere justo at vulputate. Pellentesque et sapien pulvinar consectetur. Sunt accentores vitare salvus flavum parses. Eros diam egestas libero eu vulputate risus. Ubi est audax amicitia.',
        '2022-08-17 12:58:52'),
       (32, 7, 3,
        'Ubi est audax amicitia. Mineralis persuadere omnes finises desiderium. Silva de secundus galatae demitto quadra. Ut suscipit posuere justo at vulputate. Sunt accentores vitare salvus flavum parses. Pellentesque et sapien pulvinar consectetur. Abnobas sunt hilotaes de placidus vita. Lorem ipsum dolor sit amet consectetur adipiscing elit. Ut eleifend mauris et risus ultrices egestas.',
        '2022-08-17 12:58:53'),
       (33, 7, 3,
        'Nulla porta lobortis ligula vel egestas. Nunc viverra elit ac laoreet suscipit. Morbi tempus commodo mattis. Teres talis saepe tractare de camerarius flavum sensorem. Bassus fatalis classiss virtualiter transferre de flavum. In hac habitasse platea dictumst. Diatrias tolerare tanquam noster caesium. Ubi est barbatus nix. Eros diam egestas libero eu vulputate risus. Silva de secundus galatae demitto quadra.',
        '2022-08-17 12:58:54'),
       (34, 7, 3,
        'Lorem ipsum dolor sit amet consectetur adipiscing elit. Morbi tempus commodo mattis. Nunc viverra elit ac laoreet suscipit. Ut eleifend mauris et risus ultrices egestas. In hac habitasse platea dictumst. Mineralis persuadere omnes finises desiderium. Curabitur aliquam euismod dolor non ornare. Potus sensim ad ferox abnoba. Sed varius a risus eget aliquam. Diatrias tolerare tanquam noster caesium.',
        '2022-08-17 12:58:55'),
       (35, 7, 3,
        'Urna nisl sollicitudin id varius orci quam id turpis. Pellentesque et sapien pulvinar consectetur. Potus sensim ad ferox abnoba. Mauris dapibus risus quis suscipit vulputate. In hac habitasse platea dictumst. Morbi tempus commodo mattis. Mineralis persuadere omnes finises desiderium. Eros diam egestas libero eu vulputate risus. Diatrias tolerare tanquam noster caesium.',
        '2022-08-17 12:58:56'),
       (36, 8, 3,
        'Mineralis persuadere omnes finises desiderium. Abnobas sunt hilotaes de placidus vita. Curabitur aliquam euismod dolor non ornare. Potus sensim ad ferox abnoba. Sunt seculaes transferre talis camerarius fluctuies. Sunt torquises imitari velox mirabilis medicinaes. Teres talis saepe tractare de camerarius flavum sensorem.',
        '2022-08-17 12:58:52'),
       (37, 8, 3,
        'Nunc viverra elit ac laoreet suscipit. Sunt torquises imitari velox mirabilis medicinaes. Teres talis saepe tractare de camerarius flavum sensorem. Sunt accentores vitare salvus flavum parses. In hac habitasse platea dictumst. Vae humani generis. Diatrias tolerare tanquam noster caesium. Sunt seculaes transferre talis camerarius fluctuies. Aliquam sodales odio id eleifend tristique. Ut suscipit posuere justo at vulputate. Silva de secundus galatae demitto quadra.',
        '2022-08-17 12:58:53'),
       (38, 8, 3,
        'Sed varius a risus eget aliquam. Eposs sunt solems de superbus fortis. Potus sensim ad ferox abnoba. Sunt accentores vitare salvus flavum parses. In hac habitasse platea dictumst. Silva de secundus galatae demitto quadra. Ut suscipit posuere justo at vulputate. Ubi est barbatus nix. Pellentesque et sapien pulvinar consectetur. Curabitur aliquam euismod dolor non ornare. Sunt torquises imitari velox mirabilis medicinaes. Abnobas sunt hilotaes de placidus vita.',
        '2022-08-17 12:58:54'),
       (39, 8, 3,
        'Silva de secundus galatae demitto quadra. Diatrias tolerare tanquam noster caesium. Abnobas sunt hilotaes de placidus vita. Pellentesque vitae velit ex. Ubi est barbatus nix. Urna nisl sollicitudin id varius orci quam id turpis. Potus sensim ad ferox abnoba. Era brevis ratione est. Vae humani generis. Sed varius a risus eget aliquam. Eposs sunt solems de superbus fortis.',
        '2022-08-17 12:58:55'),
       (40, 8, 3,
        'Bassus fatalis classiss virtualiter transferre de flavum. Morbi tempus commodo mattis. Lorem ipsum dolor sit amet consectetur adipiscing elit. Sunt accentores vitare salvus flavum parses. Teres talis saepe tractare de camerarius flavum sensorem. Sunt torquises imitari velox mirabilis medicinaes. In hac habitasse platea dictumst. Mineralis persuadere omnes finises desiderium. Abnobas sunt hilotaes de placidus vita.',
        '2022-08-17 12:58:56'),
       (41, 9, 3,
        'Sed varius a risus eget aliquam. Era brevis ratione est. Potus sensim ad ferox abnoba. Sunt torquises imitari velox mirabilis medicinaes. Sunt seculaes transferre talis camerarius fluctuies. Urna nisl sollicitudin id varius orci quam id turpis. Diatrias tolerare tanquam noster caesium.',
        '2022-08-17 12:58:52'),
       (42, 9, 3,
        'Curabitur aliquam euismod dolor non ornare. Vae humani generis. Ubi est audax amicitia. Sunt torquises imitari velox mirabilis medicinaes. Abnobas sunt hilotaes de placidus vita. Pellentesque et sapien pulvinar consectetur. Eros diam egestas libero eu vulputate risus. Potus sensim ad ferox abnoba. Nulla porta lobortis ligula vel egestas. In hac habitasse platea dictumst. Ut suscipit posuere justo at vulputate. Silva de secundus galatae demitto quadra.',
        '2022-08-17 12:58:53'),
       (43, 9, 3,
        'Pellentesque vitae velit ex. Potus sensim ad ferox abnoba. Bassus fatalis classiss virtualiter transferre de flavum. Era brevis ratione est. Pellentesque et sapien pulvinar consectetur. Sed varius a risus eget aliquam. Morbi tempus commodo mattis. Ut suscipit posuere justo at vulputate. Mauris dapibus risus quis suscipit vulputate. Aliquam sodales odio id eleifend tristique.',
        '2022-08-17 12:58:54'),
       (44, 9, 3,
        'Ut suscipit posuere justo at vulputate. Nulla porta lobortis ligula vel egestas. Eposs sunt solems de superbus fortis. Ubi est audax amicitia. Era brevis ratione est. Ut eleifend mauris et risus ultrices egestas. Pellentesque vitae velit ex. Sunt seculaes transferre talis camerarius fluctuies. Ubi est barbatus nix. Bassus fatalis classiss virtualiter transferre de flavum.',
        '2022-08-17 12:58:55'),
       (45, 9, 3,
        'Ut eleifend mauris et risus ultrices egestas. Abnobas sunt hilotaes de placidus vita. Teres talis saepe tractare de camerarius flavum sensorem. Sunt torquises imitari velox mirabilis medicinaes. Ubi est barbatus nix. In hac habitasse platea dictumst. Sunt seculaes transferre talis camerarius fluctuies. Diatrias tolerare tanquam noster caesium. Morbi tempus commodo mattis. Curabitur aliquam euismod dolor non ornare. Sunt accentores vitare salvus flavum parses.',
        '2022-08-17 12:58:56'),
       (46, 10, 3,
        'Vae humani generis. Potus sensim ad ferox abnoba. Sunt accentores vitare salvus flavum parses. Ubi est barbatus nix. Mauris dapibus risus quis suscipit vulputate. Curabitur aliquam euismod dolor non ornare. Nunc viverra elit ac laoreet suscipit. Morbi tempus commodo mattis. Eposs sunt solems de superbus fortis. Eros diam egestas libero eu vulputate risus. Sed varius a risus eget aliquam. Ut suscipit posuere justo at vulputate.',
        '2022-08-17 12:58:52'),
       (47, 10, 3,
        'Silva de secundus galatae demitto quadra. Ut suscipit posuere justo at vulputate. Ubi est barbatus nix. Eros diam egestas libero eu vulputate risus. Ubi est audax amicitia. Nunc viverra elit ac laoreet suscipit. Mauris dapibus risus quis suscipit vulputate. Mineralis persuadere omnes finises desiderium.',
        '2022-08-17 12:58:53'),
       (48, 10, 3,
        'Nunc viverra elit ac laoreet suscipit. In hac habitasse platea dictumst. Vae humani generis. Sunt torquises imitari velox mirabilis medicinaes. Mauris dapibus risus quis suscipit vulputate. Ut suscipit posuere justo at vulputate. Diatrias tolerare tanquam noster caesium. Abnobas sunt hilotaes de placidus vita.',
        '2022-08-17 12:58:54'),
       (49, 10, 3,
        'Pellentesque et sapien pulvinar consectetur. Curabitur aliquam euismod dolor non ornare. Ut eleifend mauris et risus ultrices egestas. Bassus fatalis classiss virtualiter transferre de flavum. Mauris dapibus risus quis suscipit vulputate. Mineralis persuadere omnes finises desiderium. Ubi est audax amicitia. Lorem ipsum dolor sit amet consectetur adipiscing elit. Eros diam egestas libero eu vulputate risus.',
        '2022-08-17 12:58:55'),
       (50, 10, 3,
        'Vae humani generis. Silva de secundus galatae demitto quadra. Ut eleifend mauris et risus ultrices egestas. Ut suscipit posuere justo at vulputate. Sunt torquises imitari velox mirabilis medicinaes. Potus sensim ad ferox abnoba. Pellentesque vitae velit ex. Eposs sunt solems de superbus fortis. Nulla porta lobortis ligula vel egestas.',
        '2022-08-17 12:58:56'),
       (51, 11, 3,
        'Bassus fatalis classiss virtualiter transferre de flavum. Sed varius a risus eget aliquam. In hac habitasse platea dictumst. Ut suscipit posuere justo at vulputate. Ut eleifend mauris et risus ultrices egestas. Vae humani generis.',
        '2022-08-17 12:58:52'),
       (52, 11, 3,
        'Abnobas sunt hilotaes de placidus vita. Ubi est barbatus nix. Lorem ipsum dolor sit amet consectetur adipiscing elit. Aliquam sodales odio id eleifend tristique. Ubi est audax amicitia. Vae humani generis. Era brevis ratione est. Potus sensim ad ferox abnoba.',
        '2022-08-17 12:58:53'),
       (53, 11, 3,
        'Sed varius a risus eget aliquam. Era brevis ratione est. Ubi est audax amicitia. Eros diam egestas libero eu vulputate risus. Ut suscipit posuere justo at vulputate. Aliquam sodales odio id eleifend tristique. Sunt accentores vitare salvus flavum parses. Mauris dapibus risus quis suscipit vulputate.',
        '2022-08-17 12:58:54'),
       (54, 11, 3,
        'Ubi est audax amicitia. Mauris dapibus risus quis suscipit vulputate. Pellentesque vitae velit ex. Aliquam sodales odio id eleifend tristique. Nunc viverra elit ac laoreet suscipit. Silva de secundus galatae demitto quadra. Teres talis saepe tractare de camerarius flavum sensorem. Mineralis persuadere omnes finises desiderium. Ut eleifend mauris et risus ultrices egestas. Potus sensim ad ferox abnoba. Ut suscipit posuere justo at vulputate.',
        '2022-08-17 12:58:55'),
       (55, 11, 3,
        'Mauris dapibus risus quis suscipit vulputate. Mineralis persuadere omnes finises desiderium. In hac habitasse platea dictumst. Eposs sunt solems de superbus fortis. Era brevis ratione est. Aliquam sodales odio id eleifend tristique. Pellentesque vitae velit ex. Nulla porta lobortis ligula vel egestas. Ubi est barbatus nix. Urna nisl sollicitudin id varius orci quam id turpis. Sunt accentores vitare salvus flavum parses.',
        '2022-08-17 12:58:56'),
       (56, 12, 3,
        'In hac habitasse platea dictumst. Silva de secundus galatae demitto quadra. Era brevis ratione est. Abnobas sunt hilotaes de placidus vita. Aliquam sodales odio id eleifend tristique. Sunt accentores vitare salvus flavum parses. Eros diam egestas libero eu vulputate risus. Morbi tempus commodo mattis. Teres talis saepe tractare de camerarius flavum sensorem. Eposs sunt solems de superbus fortis. Bassus fatalis classiss virtualiter transferre de flavum. Mauris dapibus risus quis suscipit vulputate.',
        '2022-08-17 12:58:52'),
       (57, 12, 3,
        'Ubi est barbatus nix. Ubi est audax amicitia. Eros diam egestas libero eu vulputate risus. Aliquam sodales odio id eleifend tristique. Nulla porta lobortis ligula vel egestas. Sunt accentores vitare salvus flavum parses. Ut eleifend mauris et risus ultrices egestas.',
        '2022-08-17 12:58:53'),
       (58, 12, 3,
        'Pellentesque vitae velit ex. Curabitur aliquam euismod dolor non ornare. Ubi est audax amicitia. Silva de secundus galatae demitto quadra. Mineralis persuadere omnes finises desiderium. Ut suscipit posuere justo at vulputate. Teres talis saepe tractare de camerarius flavum sensorem. Lorem ipsum dolor sit amet consectetur adipiscing elit. Nulla porta lobortis ligula vel egestas.',
        '2022-08-17 12:58:54'),
       (59, 12, 3,
        'Sunt accentores vitare salvus flavum parses. Pellentesque et sapien pulvinar consectetur. Ubi est barbatus nix. Nunc viverra elit ac laoreet suscipit. Sunt torquises imitari velox mirabilis medicinaes. Vae humani generis. Mauris dapibus risus quis suscipit vulputate. Ut eleifend mauris et risus ultrices egestas. Sed varius a risus eget aliquam. Mineralis persuadere omnes finises desiderium.',
        '2022-08-17 12:58:55'),
       (60, 12, 3,
        'Urna nisl sollicitudin id varius orci quam id turpis. Mauris dapibus risus quis suscipit vulputate. Sunt accentores vitare salvus flavum parses. Eposs sunt solems de superbus fortis. Morbi tempus commodo mattis. Abnobas sunt hilotaes de placidus vita. Aliquam sodales odio id eleifend tristique. Potus sensim ad ferox abnoba. Sed varius a risus eget aliquam. In hac habitasse platea dictumst. Vae humani generis.',
        '2022-08-17 12:58:56'),
       (61, 13, 3,
        'In hac habitasse platea dictumst. Curabitur aliquam euismod dolor non ornare. Urna nisl sollicitudin id varius orci quam id turpis. Ubi est audax amicitia. Eros diam egestas libero eu vulputate risus. Abnobas sunt hilotaes de placidus vita. Pellentesque et sapien pulvinar consectetur.',
        '2022-08-17 12:58:52'),
       (62, 13, 3,
        'Ubi est barbatus nix. Aliquam sodales odio id eleifend tristique. Morbi tempus commodo mattis. Era brevis ratione est. Teres talis saepe tractare de camerarius flavum sensorem. Sed varius a risus eget aliquam. Eposs sunt solems de superbus fortis. Potus sensim ad ferox abnoba. Mineralis persuadere omnes finises desiderium. In hac habitasse platea dictumst. Bassus fatalis classiss virtualiter transferre de flavum.',
        '2022-08-17 12:58:53'),
       (63, 13, 3,
        'Bassus fatalis classiss virtualiter transferre de flavum. Mineralis persuadere omnes finises desiderium. Nulla porta lobortis ligula vel egestas. Eposs sunt solems de superbus fortis. Sunt seculaes transferre talis camerarius fluctuies. Diatrias tolerare tanquam noster caesium. Ut suscipit posuere justo at vulputate.',
        '2022-08-17 12:58:54'),
       (64, 13, 3,
        'Bassus fatalis classiss virtualiter transferre de flavum. Era brevis ratione est. Sed varius a risus eget aliquam. Sunt accentores vitare salvus flavum parses. In hac habitasse platea dictumst. Sunt torquises imitari velox mirabilis medicinaes. Abnobas sunt hilotaes de placidus vita. Sunt seculaes transferre talis camerarius fluctuies. Silva de secundus galatae demitto quadra. Ubi est barbatus nix.',
        '2022-08-17 12:58:55'),
       (65, 13, 3,
        'Era brevis ratione est. Ubi est barbatus nix. Nunc viverra elit ac laoreet suscipit. Ut suscipit posuere justo at vulputate. Pellentesque vitae velit ex. Aliquam sodales odio id eleifend tristique. Sunt seculaes transferre talis camerarius fluctuies. Pellentesque et sapien pulvinar consectetur. Morbi tempus commodo mattis.',
        '2022-08-17 12:58:56'),
       (66, 14, 3,
        'Ut eleifend mauris et risus ultrices egestas. Silva de secundus galatae demitto quadra. Urna nisl sollicitudin id varius orci quam id turpis. Pellentesque vitae velit ex. Abnobas sunt hilotaes de placidus vita. Era brevis ratione est.',
        '2022-08-17 12:58:52'),
       (67, 14, 3,
        'Aliquam sodales odio id eleifend tristique. Ubi est barbatus nix. In hac habitasse platea dictumst. Mineralis persuadere omnes finises desiderium. Eros diam egestas libero eu vulputate risus. Teres talis saepe tractare de camerarius flavum sensorem. Pellentesque vitae velit ex.',
        '2022-08-17 12:58:53'),
       (68, 14, 3,
        'Vae humani generis. Eposs sunt solems de superbus fortis. Teres talis saepe tractare de camerarius flavum sensorem. Pellentesque et sapien pulvinar consectetur. Urna nisl sollicitudin id varius orci quam id turpis. Eros diam egestas libero eu vulputate risus. Mauris dapibus risus quis suscipit vulputate.',
        '2022-08-17 12:58:54'),
       (69, 14, 3,
        'Sunt accentores vitare salvus flavum parses. Ubi est audax amicitia. Pellentesque et sapien pulvinar consectetur. Ubi est barbatus nix. Sed varius a risus eget aliquam. Sunt seculaes transferre talis camerarius fluctuies. Diatrias tolerare tanquam noster caesium. Nulla porta lobortis ligula vel egestas. In hac habitasse platea dictumst. Era brevis ratione est. Abnobas sunt hilotaes de placidus vita.',
        '2022-08-17 12:58:55'),
       (70, 14, 3,
        'Ut suscipit posuere justo at vulputate. Era brevis ratione est. Ubi est audax amicitia. Ubi est barbatus nix. Urna nisl sollicitudin id varius orci quam id turpis. Vae humani generis. Eposs sunt solems de superbus fortis. Pellentesque et sapien pulvinar consectetur. Abnobas sunt hilotaes de placidus vita. Sunt torquises imitari velox mirabilis medicinaes. Pellentesque vitae velit ex.',
        '2022-08-17 12:58:56'),
       (71, 15, 3,
        'Diatrias tolerare tanquam noster caesium. Nunc viverra elit ac laoreet suscipit. Aliquam sodales odio id eleifend tristique. Sunt accentores vitare salvus flavum parses. Pellentesque et sapien pulvinar consectetur. Morbi tempus commodo mattis. Mineralis persuadere omnes finises desiderium.',
        '2022-08-17 12:58:52'),
       (72, 15, 3,
        'Eposs sunt solems de superbus fortis. Mauris dapibus risus quis suscipit vulputate. Ut suscipit posuere justo at vulputate. Bassus fatalis classiss virtualiter transferre de flavum. Diatrias tolerare tanquam noster caesium. Nunc viverra elit ac laoreet suscipit. Sunt accentores vitare salvus flavum parses. Lorem ipsum dolor sit amet consectetur adipiscing elit. Teres talis saepe tractare de camerarius flavum sensorem. In hac habitasse platea dictumst. Morbi tempus commodo mattis.',
        '2022-08-17 12:58:53'),
       (73, 15, 3,
        'Diatrias tolerare tanquam noster caesium. Silva de secundus galatae demitto quadra. Urna nisl sollicitudin id varius orci quam id turpis. Aliquam sodales odio id eleifend tristique. Ut eleifend mauris et risus ultrices egestas. Nulla porta lobortis ligula vel egestas. Mauris dapibus risus quis suscipit vulputate. Potus sensim ad ferox abnoba. Ubi est audax amicitia. Pellentesque vitae velit ex. Curabitur aliquam euismod dolor non ornare.',
        '2022-08-17 12:58:54'),
       (74, 15, 3,
        'Ut suscipit posuere justo at vulputate. Urna nisl sollicitudin id varius orci quam id turpis. Sunt seculaes transferre talis camerarius fluctuies. Silva de secundus galatae demitto quadra. In hac habitasse platea dictumst. Eros diam egestas libero eu vulputate risus. Potus sensim ad ferox abnoba. Pellentesque vitae velit ex.',
        '2022-08-17 12:58:55'),
       (75, 15, 3,
        'Sunt torquises imitari velox mirabilis medicinaes. Urna nisl sollicitudin id varius orci quam id turpis. Pellentesque et sapien pulvinar consectetur. In hac habitasse platea dictumst. Morbi tempus commodo mattis. Potus sensim ad ferox abnoba. Nunc viverra elit ac laoreet suscipit. Eposs sunt solems de superbus fortis. Eros diam egestas libero eu vulputate risus. Abnobas sunt hilotaes de placidus vita. Sunt accentores vitare salvus flavum parses.',
        '2022-08-17 12:58:56'),
       (76, 16, 3,
        'Sunt accentores vitare salvus flavum parses. Lorem ipsum dolor sit amet consectetur adipiscing elit. Sed varius a risus eget aliquam. Aliquam sodales odio id eleifend tristique. Ut suscipit posuere justo at vulputate. Diatrias tolerare tanquam noster caesium. Teres talis saepe tractare de camerarius flavum sensorem. Urna nisl sollicitudin id varius orci quam id turpis. Era brevis ratione est. Abnobas sunt hilotaes de placidus vita. Pellentesque et sapien pulvinar consectetur.',
        '2022-08-17 12:58:52'),
       (77, 16, 3,
        'Morbi tempus commodo mattis. Vae humani generis. Mauris dapibus risus quis suscipit vulputate. Curabitur aliquam euismod dolor non ornare. Mineralis persuadere omnes finises desiderium. Ut eleifend mauris et risus ultrices egestas. Era brevis ratione est. Urna nisl sollicitudin id varius orci quam id turpis. Diatrias tolerare tanquam noster caesium.',
        '2022-08-17 12:58:53'),
       (78, 16, 3,
        'Potus sensim ad ferox abnoba. Vae humani generis. Eros diam egestas libero eu vulputate risus. Lorem ipsum dolor sit amet consectetur adipiscing elit. Silva de secundus galatae demitto quadra. Sunt torquises imitari velox mirabilis medicinaes. Ut suscipit posuere justo at vulputate. Pellentesque vitae velit ex. Ubi est barbatus nix. Urna nisl sollicitudin id varius orci quam id turpis. Curabitur aliquam euismod dolor non ornare. Morbi tempus commodo mattis.',
        '2022-08-17 12:58:54'),
       (79, 16, 3,
        'Vae humani generis. Pellentesque vitae velit ex. Pellentesque et sapien pulvinar consectetur. Sed varius a risus eget aliquam. Eros diam egestas libero eu vulputate risus. Ubi est barbatus nix. Aliquam sodales odio id eleifend tristique. Morbi tempus commodo mattis.',
        '2022-08-17 12:58:55'),
       (80, 16, 3,
        'Urna nisl sollicitudin id varius orci quam id turpis. Sunt accentores vitare salvus flavum parses. Era brevis ratione est. Abnobas sunt hilotaes de placidus vita. Ut eleifend mauris et risus ultrices egestas. Vae humani generis. Teres talis saepe tractare de camerarius flavum sensorem. Sed varius a risus eget aliquam. Sunt torquises imitari velox mirabilis medicinaes. Sunt seculaes transferre talis camerarius fluctuies. Pellentesque vitae velit ex.',
        '2022-08-17 12:58:56'),
       (81, 17, 3,
        'Pellentesque et sapien pulvinar consectetur. Bassus fatalis classiss virtualiter transferre de flavum. Diatrias tolerare tanquam noster caesium. Morbi tempus commodo mattis. Nunc viverra elit ac laoreet suscipit. Ut suscipit posuere justo at vulputate. Aliquam sodales odio id eleifend tristique. Mauris dapibus risus quis suscipit vulputate.',
        '2022-08-17 12:58:52'),
       (82, 17, 3,
        'Diatrias tolerare tanquam noster caesium. Ut suscipit posuere justo at vulputate. Potus sensim ad ferox abnoba. Nunc viverra elit ac laoreet suscipit. Ut eleifend mauris et risus ultrices egestas. Abnobas sunt hilotaes de placidus vita. Curabitur aliquam euismod dolor non ornare. Pellentesque et sapien pulvinar consectetur. Era brevis ratione est.',
        '2022-08-17 12:58:53'),
       (83, 17, 3,
        'Nunc viverra elit ac laoreet suscipit. Ubi est barbatus nix. Pellentesque vitae velit ex. Sunt accentores vitare salvus flavum parses. Pellentesque et sapien pulvinar consectetur. Sed varius a risus eget aliquam. Eros diam egestas libero eu vulputate risus. Era brevis ratione est. Ut eleifend mauris et risus ultrices egestas.',
        '2022-08-17 12:58:54'),
       (84, 17, 3,
        'Mineralis persuadere omnes finises desiderium. Curabitur aliquam euismod dolor non ornare. Potus sensim ad ferox abnoba. Era brevis ratione est. Nulla porta lobortis ligula vel egestas. Ut eleifend mauris et risus ultrices egestas. Sed varius a risus eget aliquam. Vae humani generis. Pellentesque et sapien pulvinar consectetur.',
        '2022-08-17 12:58:55'),
       (85, 17, 3,
        'Lorem ipsum dolor sit amet consectetur adipiscing elit. Sunt torquises imitari velox mirabilis medicinaes. Nunc viverra elit ac laoreet suscipit. Ut eleifend mauris et risus ultrices egestas. Urna nisl sollicitudin id varius orci quam id turpis. Potus sensim ad ferox abnoba. Pellentesque et sapien pulvinar consectetur. Mauris dapibus risus quis suscipit vulputate. Teres talis saepe tractare de camerarius flavum sensorem.',
        '2022-08-17 12:58:56'),
       (86, 18, 3,
        'Ubi est audax amicitia. Eposs sunt solems de superbus fortis. Bassus fatalis classiss virtualiter transferre de flavum. Morbi tempus commodo mattis. Abnobas sunt hilotaes de placidus vita. Eros diam egestas libero eu vulputate risus. Nunc viverra elit ac laoreet suscipit. Silva de secundus galatae demitto quadra. Ubi est barbatus nix.',
        '2022-08-17 12:58:52'),
       (87, 18, 3,
        'Morbi tempus commodo mattis. Silva de secundus galatae demitto quadra. Mineralis persuadere omnes finises desiderium. Ut suscipit posuere justo at vulputate. Pellentesque vitae velit ex. Diatrias tolerare tanquam noster caesium. Ut eleifend mauris et risus ultrices egestas. Mauris dapibus risus quis suscipit vulputate. Lorem ipsum dolor sit amet consectetur adipiscing elit.',
        '2022-08-17 12:58:53'),
       (88, 18, 3,
        'In hac habitasse platea dictumst. Sed varius a risus eget aliquam. Nulla porta lobortis ligula vel egestas. Sunt seculaes transferre talis camerarius fluctuies. Vae humani generis. Abnobas sunt hilotaes de placidus vita. Bassus fatalis classiss virtualiter transferre de flavum. Sunt torquises imitari velox mirabilis medicinaes. Urna nisl sollicitudin id varius orci quam id turpis.',
        '2022-08-17 12:58:54'),
       (89, 18, 3,
        'Sunt accentores vitare salvus flavum parses. Mauris dapibus risus quis suscipit vulputate. In hac habitasse platea dictumst. Diatrias tolerare tanquam noster caesium. Abnobas sunt hilotaes de placidus vita. Aliquam sodales odio id eleifend tristique. Ut suscipit posuere justo at vulputate. Eros diam egestas libero eu vulputate risus.',
        '2022-08-17 12:58:55'),
       (90, 18, 3,
        'Pellentesque et sapien pulvinar consectetur. Mineralis persuadere omnes finises desiderium. In hac habitasse platea dictumst. Sunt seculaes transferre talis camerarius fluctuies. Pellentesque vitae velit ex. Curabitur aliquam euismod dolor non ornare.',
        '2022-08-17 12:58:56'),
       (91, 19, 3,
        'Nulla porta lobortis ligula vel egestas. Teres talis saepe tractare de camerarius flavum sensorem. Mauris dapibus risus quis suscipit vulputate. Eposs sunt solems de superbus fortis. In hac habitasse platea dictumst.',
        '2022-08-17 12:58:52'),
       (92, 19, 3,
        'Ubi est audax amicitia. Sunt seculaes transferre talis camerarius fluctuies. Era brevis ratione est. Morbi tempus commodo mattis. Abnobas sunt hilotaes de placidus vita. Diatrias tolerare tanquam noster caesium. Silva de secundus galatae demitto quadra. Urna nisl sollicitudin id varius orci quam id turpis. Eros diam egestas libero eu vulputate risus. Mineralis persuadere omnes finises desiderium.',
        '2022-08-17 12:58:53'),
       (93, 19, 3,
        'Era brevis ratione est. Nulla porta lobortis ligula vel egestas. Diatrias tolerare tanquam noster caesium. Vae humani generis. Sunt seculaes transferre talis camerarius fluctuies. Ut suscipit posuere justo at vulputate. Curabitur aliquam euismod dolor non ornare. Lorem ipsum dolor sit amet consectetur adipiscing elit.',
        '2022-08-17 12:58:54'),
       (94, 19, 3,
        'Ut eleifend mauris et risus ultrices egestas. Ubi est barbatus nix. Sunt torquises imitari velox mirabilis medicinaes. Lorem ipsum dolor sit amet consectetur adipiscing elit. Diatrias tolerare tanquam noster caesium. Ut suscipit posuere justo at vulputate. Ubi est audax amicitia. Urna nisl sollicitudin id varius orci quam id turpis. Vae humani generis. Silva de secundus galatae demitto quadra. Pellentesque vitae velit ex. Potus sensim ad ferox abnoba.',
        '2022-08-17 12:58:55'),
       (95, 19, 3,
        'Ubi est audax amicitia. Potus sensim ad ferox abnoba. Lorem ipsum dolor sit amet consectetur adipiscing elit. Aliquam sodales odio id eleifend tristique. Pellentesque vitae velit ex. In hac habitasse platea dictumst. Sunt accentores vitare salvus flavum parses. Sunt seculaes transferre talis camerarius fluctuies. Morbi tempus commodo mattis. Eros diam egestas libero eu vulputate risus.',
        '2022-08-17 12:58:56'),
       (96, 20, 3,
        'Sed varius a risus eget aliquam. Ut suscipit posuere justo at vulputate. Aliquam sodales odio id eleifend tristique. Sunt torquises imitari velox mirabilis medicinaes. Ut eleifend mauris et risus ultrices egestas. Teres talis saepe tractare de camerarius flavum sensorem. Era brevis ratione est.',
        '2022-08-17 12:58:52'),
       (97, 20, 3,
        'Aliquam sodales odio id eleifend tristique. Ut eleifend mauris et risus ultrices egestas. Pellentesque et sapien pulvinar consectetur. Bassus fatalis classiss virtualiter transferre de flavum. Urna nisl sollicitudin id varius orci quam id turpis. Sunt torquises imitari velox mirabilis medicinaes.',
        '2022-08-17 12:58:53'),
       (98, 20, 3,
        'Teres talis saepe tractare de camerarius flavum sensorem. Ut eleifend mauris et risus ultrices egestas. Curabitur aliquam euismod dolor non ornare. Ut suscipit posuere justo at vulputate. Silva de secundus galatae demitto quadra. Sed varius a risus eget aliquam. Era brevis ratione est. Urna nisl sollicitudin id varius orci quam id turpis. Pellentesque vitae velit ex. Ubi est audax amicitia.',
        '2022-08-17 12:58:54'),
       (99, 20, 3,
        'In hac habitasse platea dictumst. Ubi est barbatus nix. Bassus fatalis classiss virtualiter transferre de flavum. Silva de secundus galatae demitto quadra. Nulla porta lobortis ligula vel egestas. Vae humani generis. Sunt torquises imitari velox mirabilis medicinaes.',
        '2022-08-17 12:58:55'),
       (100, 20, 3,
        'Sunt accentores vitare salvus flavum parses. Pellentesque et sapien pulvinar consectetur. Silva de secundus galatae demitto quadra. Lorem ipsum dolor sit amet consectetur adipiscing elit. Ubi est audax amicitia. Nulla porta lobortis ligula vel egestas. Pellentesque vitae velit ex. Sunt torquises imitari velox mirabilis medicinaes. Ut eleifend mauris et risus ultrices egestas. In hac habitasse platea dictumst. Ut suscipit posuere justo at vulputate.',
        '2022-08-17 12:58:56'),
       (101, 21, 3,
        'Potus sensim ad ferox abnoba. Morbi tempus commodo mattis. Eposs sunt solems de superbus fortis. Ubi est audax amicitia. Ut suscipit posuere justo at vulputate. Eros diam egestas libero eu vulputate risus. Era brevis ratione est. Sunt seculaes transferre talis camerarius fluctuies. Ubi est barbatus nix. Teres talis saepe tractare de camerarius flavum sensorem. Lorem ipsum dolor sit amet consectetur adipiscing elit. Silva de secundus galatae demitto quadra. Pellentesque et sapien pulvinar consectetur.',
        '2022-08-17 12:58:52'),
       (102, 21, 3,
        'Pellentesque et sapien pulvinar consectetur. Pellentesque vitae velit ex. Eros diam egestas libero eu vulputate risus. In hac habitasse platea dictumst. Abnobas sunt hilotaes de placidus vita. Ubi est barbatus nix. Era brevis ratione est. Potus sensim ad ferox abnoba. Bassus fatalis classiss virtualiter transferre de flavum. Vae humani generis. Sunt torquises imitari velox mirabilis medicinaes. Ut suscipit posuere justo at vulputate.',
        '2022-08-17 12:58:53'),
       (103, 21, 3,
        'Lorem ipsum dolor sit amet consectetur adipiscing elit. Sunt accentores vitare salvus flavum parses. Ut suscipit posuere justo at vulputate. Pellentesque et sapien pulvinar consectetur. Teres talis saepe tractare de camerarius flavum sensorem. Vae humani generis. Nulla porta lobortis ligula vel egestas. Sed varius a risus eget aliquam. Eros diam egestas libero eu vulputate risus. Ubi est audax amicitia.',
        '2022-08-17 12:58:54'),
       (104, 21, 3,
        'Sed varius a risus eget aliquam. Aliquam sodales odio id eleifend tristique. Curabitur aliquam euismod dolor non ornare. Abnobas sunt hilotaes de placidus vita. Ubi est barbatus nix. Sunt torquises imitari velox mirabilis medicinaes. Vae humani generis. Teres talis saepe tractare de camerarius flavum sensorem. Mineralis persuadere omnes finises desiderium.',
        '2022-08-17 12:58:55'),
       (105, 21, 3,
        'Urna nisl sollicitudin id varius orci quam id turpis. Pellentesque et sapien pulvinar consectetur. Silva de secundus galatae demitto quadra. Mauris dapibus risus quis suscipit vulputate. Bassus fatalis classiss virtualiter transferre de flavum. Sunt torquises imitari velox mirabilis medicinaes. Sed varius a risus eget aliquam. Aliquam sodales odio id eleifend tristique. Sunt seculaes transferre talis camerarius fluctuies. Mineralis persuadere omnes finises desiderium.',
        '2022-08-17 12:58:56'),
       (106, 22, 3,
        'Nulla porta lobortis ligula vel egestas. Era brevis ratione est. Lorem ipsum dolor sit amet consectetur adipiscing elit. Ubi est audax amicitia. Nunc viverra elit ac laoreet suscipit. Morbi tempus commodo mattis. Ut eleifend mauris et risus ultrices egestas. Eros diam egestas libero eu vulputate risus.',
        '2022-08-17 12:58:52'),
       (107, 22, 3,
        'Urna nisl sollicitudin id varius orci quam id turpis. Mineralis persuadere omnes finises desiderium. Curabitur aliquam euismod dolor non ornare. Sed varius a risus eget aliquam. Mauris dapibus risus quis suscipit vulputate. Bassus fatalis classiss virtualiter transferre de flavum. Aliquam sodales odio id eleifend tristique. Pellentesque vitae velit ex. Eposs sunt solems de superbus fortis.',
        '2022-08-17 12:58:53'),
       (108, 22, 3,
        'Diatrias tolerare tanquam noster caesium. Sed varius a risus eget aliquam. Sunt seculaes transferre talis camerarius fluctuies. Eposs sunt solems de superbus fortis. Sunt accentores vitare salvus flavum parses. Vae humani generis. Pellentesque vitae velit ex.',
        '2022-08-17 12:58:54'),
       (109, 22, 3,
        'Aliquam sodales odio id eleifend tristique. Eposs sunt solems de superbus fortis. Diatrias tolerare tanquam noster caesium. Curabitur aliquam euismod dolor non ornare. Mineralis persuadere omnes finises desiderium. Urna nisl sollicitudin id varius orci quam id turpis.',
        '2022-08-17 12:58:55'),
       (110, 22, 3,
        'Lorem ipsum dolor sit amet consectetur adipiscing elit. Pellentesque vitae velit ex. Sunt accentores vitare salvus flavum parses. Sunt seculaes transferre talis camerarius fluctuies. Vae humani generis. Aliquam sodales odio id eleifend tristique. Nulla porta lobortis ligula vel egestas. Bassus fatalis classiss virtualiter transferre de flavum. Eros diam egestas libero eu vulputate risus. Ubi est audax amicitia. Mineralis persuadere omnes finises desiderium.',
        '2022-08-17 12:58:56'),
       (111, 23, 3,
        'Sed varius a risus eget aliquam. Silva de secundus galatae demitto quadra. Eposs sunt solems de superbus fortis. Vae humani generis. Mauris dapibus risus quis suscipit vulputate. Era brevis ratione est. Morbi tempus commodo mattis. Pellentesque vitae velit ex. Sunt seculaes transferre talis camerarius fluctuies. Ubi est audax amicitia. Aliquam sodales odio id eleifend tristique.',
        '2022-08-17 12:58:52'),
       (112, 23, 3,
        'Sed varius a risus eget aliquam. Morbi tempus commodo mattis. Curabitur aliquam euismod dolor non ornare. Nulla porta lobortis ligula vel egestas. Abnobas sunt hilotaes de placidus vita. Bassus fatalis classiss virtualiter transferre de flavum. Potus sensim ad ferox abnoba. Lorem ipsum dolor sit amet consectetur adipiscing elit.',
        '2022-08-17 12:58:53'),
       (113, 23, 3,
        'Era brevis ratione est. Nunc viverra elit ac laoreet suscipit. Mauris dapibus risus quis suscipit vulputate. Eposs sunt solems de superbus fortis. Abnobas sunt hilotaes de placidus vita. Sed varius a risus eget aliquam. Ut eleifend mauris et risus ultrices egestas. Diatrias tolerare tanquam noster caesium. Aliquam sodales odio id eleifend tristique. Nulla porta lobortis ligula vel egestas. Teres talis saepe tractare de camerarius flavum sensorem. Vae humani generis.',
        '2022-08-17 12:58:54'),
       (114, 23, 3,
        'In hac habitasse platea dictumst. Abnobas sunt hilotaes de placidus vita. Potus sensim ad ferox abnoba. Sunt torquises imitari velox mirabilis medicinaes. Sunt accentores vitare salvus flavum parses. Teres talis saepe tractare de camerarius flavum sensorem. Aliquam sodales odio id eleifend tristique. Sed varius a risus eget aliquam. Bassus fatalis classiss virtualiter transferre de flavum. Ubi est audax amicitia.',
        '2022-08-17 12:58:55'),
       (115, 23, 3,
        'Silva de secundus galatae demitto quadra. Curabitur aliquam euismod dolor non ornare. Aliquam sodales odio id eleifend tristique. Diatrias tolerare tanquam noster caesium. Lorem ipsum dolor sit amet consectetur adipiscing elit. Eposs sunt solems de superbus fortis. Sunt accentores vitare salvus flavum parses. Era brevis ratione est. Mauris dapibus risus quis suscipit vulputate. Potus sensim ad ferox abnoba. Ut eleifend mauris et risus ultrices egestas.',
        '2022-08-17 12:58:56'),
       (116, 24, 3,
        'Mauris dapibus risus quis suscipit vulputate. Mineralis persuadere omnes finises desiderium. Lorem ipsum dolor sit amet consectetur adipiscing elit. Urna nisl sollicitudin id varius orci quam id turpis. Era brevis ratione est. Eros diam egestas libero eu vulputate risus. Sunt accentores vitare salvus flavum parses. Nulla porta lobortis ligula vel egestas. Curabitur aliquam euismod dolor non ornare. Sed varius a risus eget aliquam.',
        '2022-08-17 12:58:52'),
       (117, 24, 3,
        'Aliquam sodales odio id eleifend tristique. Bassus fatalis classiss virtualiter transferre de flavum. Abnobas sunt hilotaes de placidus vita. Curabitur aliquam euismod dolor non ornare. Sunt seculaes transferre talis camerarius fluctuies. Teres talis saepe tractare de camerarius flavum sensorem. Pellentesque vitae velit ex. Sunt accentores vitare salvus flavum parses. Vae humani generis. Morbi tempus commodo mattis. Nunc viverra elit ac laoreet suscipit.',
        '2022-08-17 12:58:53'),
       (118, 24, 3,
        'In hac habitasse platea dictumst. Lorem ipsum dolor sit amet consectetur adipiscing elit. Era brevis ratione est. Sunt torquises imitari velox mirabilis medicinaes. Morbi tempus commodo mattis. Nunc viverra elit ac laoreet suscipit. Urna nisl sollicitudin id varius orci quam id turpis. Mauris dapibus risus quis suscipit vulputate. Diatrias tolerare tanquam noster caesium.',
        '2022-08-17 12:58:54'),
       (119, 24, 3,
        'Ut suscipit posuere justo at vulputate. Eros diam egestas libero eu vulputate risus. Abnobas sunt hilotaes de placidus vita. Eposs sunt solems de superbus fortis. Mineralis persuadere omnes finises desiderium. Era brevis ratione est. Mauris dapibus risus quis suscipit vulputate. Aliquam sodales odio id eleifend tristique. Curabitur aliquam euismod dolor non ornare. Ut eleifend mauris et risus ultrices egestas.',
        '2022-08-17 12:58:55'),
       (120, 24, 3,
        'Ubi est barbatus nix. Sunt accentores vitare salvus flavum parses. Vae humani generis. Sed varius a risus eget aliquam. Diatrias tolerare tanquam noster caesium. Sunt torquises imitari velox mirabilis medicinaes. Ubi est audax amicitia. Teres talis saepe tractare de camerarius flavum sensorem. In hac habitasse platea dictumst. Potus sensim ad ferox abnoba.',
        '2022-08-17 12:58:56'),
       (121, 25, 3,
        'Eros diam egestas libero eu vulputate risus. Diatrias tolerare tanquam noster caesium. Pellentesque vitae velit ex. Eposs sunt solems de superbus fortis. Era brevis ratione est. Sunt seculaes transferre talis camerarius fluctuies. Ut suscipit posuere justo at vulputate. Sunt torquises imitari velox mirabilis medicinaes. Nulla porta lobortis ligula vel egestas. Sed varius a risus eget aliquam. Urna nisl sollicitudin id varius orci quam id turpis.',
        '2022-08-17 12:58:52');
-- SQLINES LICENSE FOR EVALUATION USE ONLY
INSERT INTO comment (id, post_id, author_id, content, published_at)
VALUES (122, 25, 3,
        'Ubi est audax amicitia. Sunt torquises imitari velox mirabilis medicinaes. Vae humani generis. Era brevis ratione est. Ut eleifend mauris et risus ultrices egestas. Potus sensim ad ferox abnoba. Sunt accentores vitare salvus flavum parses. Curabitur aliquam euismod dolor non ornare. Eros diam egestas libero eu vulputate risus. Aliquam sodales odio id eleifend tristique.',
        '2022-08-17 12:58:53'),
       (123, 25, 3,
        'Era brevis ratione est. Nulla porta lobortis ligula vel egestas. Curabitur aliquam euismod dolor non ornare. Diatrias tolerare tanquam noster caesium. Bassus fatalis classiss virtualiter transferre de flavum. Aliquam sodales odio id eleifend tristique. Vae humani generis. Mauris dapibus risus quis suscipit vulputate. Silva de secundus galatae demitto quadra. Teres talis saepe tractare de camerarius flavum sensorem. Pellentesque vitae velit ex.',
        '2022-08-17 12:58:54'),
       (124, 25, 3,
        'Ubi est barbatus nix. Eposs sunt solems de superbus fortis. In hac habitasse platea dictumst. Bassus fatalis classiss virtualiter transferre de flavum. Era brevis ratione est. Diatrias tolerare tanquam noster caesium. Sunt seculaes transferre talis camerarius fluctuies. Urna nisl sollicitudin id varius orci quam id turpis. Vae humani generis. Ut suscipit posuere justo at vulputate. Eros diam egestas libero eu vulputate risus.',
        '2022-08-17 12:58:55'),
       (125, 25, 3,
        'Ut suscipit posuere justo at vulputate. Morbi tempus commodo mattis. Diatrias tolerare tanquam noster caesium. Curabitur aliquam euismod dolor non ornare. Potus sensim ad ferox abnoba. Sunt accentores vitare salvus flavum parses. Silva de secundus galatae demitto quadra. Abnobas sunt hilotaes de placidus vita.',
        '2022-08-17 12:58:56'),
       (126, 26, 3,
        'Ut suscipit posuere justo at vulputate. Sed varius a risus eget aliquam. Nunc viverra elit ac laoreet suscipit. Teres talis saepe tractare de camerarius flavum sensorem. Sunt torquises imitari velox mirabilis medicinaes. Ut eleifend mauris et risus ultrices egestas. Era brevis ratione est. Nulla porta lobortis ligula vel egestas. Potus sensim ad ferox abnoba. Lorem ipsum dolor sit amet consectetur adipiscing elit.',
        '2022-08-17 12:58:52'),
       (127, 26, 3,
        'Aliquam sodales odio id eleifend tristique. Pellentesque et sapien pulvinar consectetur. Mineralis persuadere omnes finises desiderium. Lorem ipsum dolor sit amet consectetur adipiscing elit. Pellentesque vitae velit ex. Ut eleifend mauris et risus ultrices egestas. Eros diam egestas libero eu vulputate risus. Urna nisl sollicitudin id varius orci quam id turpis. Silva de secundus galatae demitto quadra. Vae humani generis.',
        '2022-08-17 12:58:53'),
       (128, 26, 3,
        'Ubi est barbatus nix. Bassus fatalis classiss virtualiter transferre de flavum. Diatrias tolerare tanquam noster caesium. Urna nisl sollicitudin id varius orci quam id turpis. Nulla porta lobortis ligula vel egestas. Sunt seculaes transferre talis camerarius fluctuies. Morbi tempus commodo mattis. Mineralis persuadere omnes finises desiderium.',
        '2022-08-17 12:58:54'),
       (129, 26, 3,
        'Mauris dapibus risus quis suscipit vulputate. Sunt seculaes transferre talis camerarius fluctuies. Urna nisl sollicitudin id varius orci quam id turpis. Ubi est barbatus nix. Silva de secundus galatae demitto quadra. Nunc viverra elit ac laoreet suscipit. Diatrias tolerare tanquam noster caesium. Nulla porta lobortis ligula vel egestas. Mineralis persuadere omnes finises desiderium.',
        '2022-08-17 12:58:55'),
       (130, 26, 3,
        'Ubi est audax amicitia. Aliquam sodales odio id eleifend tristique. Silva de secundus galatae demitto quadra. Era brevis ratione est. Morbi tempus commodo mattis. Sunt seculaes transferre talis camerarius fluctuies. Eposs sunt solems de superbus fortis. Curabitur aliquam euismod dolor non ornare. Potus sensim ad ferox abnoba. Sunt torquises imitari velox mirabilis medicinaes. Mauris dapibus risus quis suscipit vulputate.',
        '2022-08-17 12:58:56'),
       (131, 27, 3,
        'Bassus fatalis classiss virtualiter transferre de flavum. Urna nisl sollicitudin id varius orci quam id turpis. Sunt torquises imitari velox mirabilis medicinaes. Sed varius a risus eget aliquam. Sunt accentores vitare salvus flavum parses. Nunc viverra elit ac laoreet suscipit. Ubi est barbatus nix. Era brevis ratione est.',
        '2022-08-17 12:58:52'),
       (132, 27, 3,
        'Nulla porta lobortis ligula vel egestas. Sunt seculaes transferre talis camerarius fluctuies. Abnobas sunt hilotaes de placidus vita. Vae humani generis. Eposs sunt solems de superbus fortis. Lorem ipsum dolor sit amet consectetur adipiscing elit.',
        '2022-08-17 12:58:53'),
       (133, 27, 3,
        'Teres talis saepe tractare de camerarius flavum sensorem. Silva de secundus galatae demitto quadra. Pellentesque et sapien pulvinar consectetur. Urna nisl sollicitudin id varius orci quam id turpis. Era brevis ratione est. Mineralis persuadere omnes finises desiderium. Ut suscipit posuere justo at vulputate.',
        '2022-08-17 12:58:54'),
       (134, 27, 3,
        'Eros diam egestas libero eu vulputate risus. Teres talis saepe tractare de camerarius flavum sensorem. Potus sensim ad ferox abnoba. Mineralis persuadere omnes finises desiderium. Curabitur aliquam euismod dolor non ornare. Sed varius a risus eget aliquam.',
        '2022-08-17 12:58:55'),
       (135, 27, 3,
        'Curabitur aliquam euismod dolor non ornare. Aliquam sodales odio id eleifend tristique. Lorem ipsum dolor sit amet consectetur adipiscing elit. Pellentesque et sapien pulvinar consectetur. Sunt seculaes transferre talis camerarius fluctuies. Bassus fatalis classiss virtualiter transferre de flavum. Pellentesque vitae velit ex. In hac habitasse platea dictumst. Diatrias tolerare tanquam noster caesium.',
        '2022-08-17 12:58:56'),
       (136, 28, 3,
        'Mauris dapibus risus quis suscipit vulputate. Abnobas sunt hilotaes de placidus vita. Sunt accentores vitare salvus flavum parses. Pellentesque et sapien pulvinar consectetur. Ut eleifend mauris et risus ultrices egestas. Eposs sunt solems de superbus fortis. Sed varius a risus eget aliquam. Nulla porta lobortis ligula vel egestas. In hac habitasse platea dictumst.',
        '2022-08-17 12:58:52'),
       (137, 28, 3,
        'Curabitur aliquam euismod dolor non ornare. Urna nisl sollicitudin id varius orci quam id turpis. Sunt accentores vitare salvus flavum parses. Era brevis ratione est. Silva de secundus galatae demitto quadra. Ut eleifend mauris et risus ultrices egestas. Pellentesque et sapien pulvinar consectetur. Ubi est audax amicitia. Pellentesque vitae velit ex. Nulla porta lobortis ligula vel egestas. Sed varius a risus eget aliquam.',
        '2022-08-17 12:58:53'),
       (138, 28, 3,
        'Ut eleifend mauris et risus ultrices egestas. Eposs sunt solems de superbus fortis. Vae humani generis. Lorem ipsum dolor sit amet consectetur adipiscing elit. Aliquam sodales odio id eleifend tristique. Pellentesque vitae velit ex.',
        '2022-08-17 12:58:54'),
       (139, 28, 3,
        'Pellentesque vitae velit ex. Sed varius a risus eget aliquam. Diatrias tolerare tanquam noster caesium. Sunt torquises imitari velox mirabilis medicinaes. Ubi est audax amicitia. Pellentesque et sapien pulvinar consectetur. Urna nisl sollicitudin id varius orci quam id turpis. Nulla porta lobortis ligula vel egestas. Era brevis ratione est. Eros diam egestas libero eu vulputate risus.',
        '2022-08-17 12:58:55'),
       (140, 28, 3,
        'Sed varius a risus eget aliquam. Pellentesque vitae velit ex. Mineralis persuadere omnes finises desiderium. Ut suscipit posuere justo at vulputate. Sunt accentores vitare salvus flavum parses. Nunc viverra elit ac laoreet suscipit. Teres talis saepe tractare de camerarius flavum sensorem. Potus sensim ad ferox abnoba.',
        '2022-08-17 12:58:56'),
       (141, 29, 3,
        'Lorem ipsum dolor sit amet consectetur adipiscing elit. Nunc viverra elit ac laoreet suscipit. Ubi est audax amicitia. Abnobas sunt hilotaes de placidus vita. Diatrias tolerare tanquam noster caesium. Eposs sunt solems de superbus fortis. Aliquam sodales odio id eleifend tristique. Sunt torquises imitari velox mirabilis medicinaes. Potus sensim ad ferox abnoba. Urna nisl sollicitudin id varius orci quam id turpis. Sunt accentores vitare salvus flavum parses.',
        '2022-08-17 12:58:52'),
       (142, 29, 3,
        'Pellentesque et sapien pulvinar consectetur. Pellentesque vitae velit ex. Mineralis persuadere omnes finises desiderium. Sunt seculaes transferre talis camerarius fluctuies. Aliquam sodales odio id eleifend tristique. Silva de secundus galatae demitto quadra. Sunt accentores vitare salvus flavum parses. Sed varius a risus eget aliquam.',
        '2022-08-17 12:58:53'),
       (143, 29, 3,
        'Era brevis ratione est. Nunc viverra elit ac laoreet suscipit. Curabitur aliquam euismod dolor non ornare. Diatrias tolerare tanquam noster caesium. Nulla porta lobortis ligula vel egestas. Sunt seculaes transferre talis camerarius fluctuies. Ut eleifend mauris et risus ultrices egestas. Lorem ipsum dolor sit amet consectetur adipiscing elit. Silva de secundus galatae demitto quadra.',
        '2022-08-17 12:58:54'),
       (144, 29, 3,
        'Eros diam egestas libero eu vulputate risus. Teres talis saepe tractare de camerarius flavum sensorem. Nulla porta lobortis ligula vel egestas. Diatrias tolerare tanquam noster caesium. Era brevis ratione est. Vae humani generis. Bassus fatalis classiss virtualiter transferre de flavum. Ut suscipit posuere justo at vulputate.',
        '2022-08-17 12:58:55'),
       (145, 29, 3,
        'Urna nisl sollicitudin id varius orci quam id turpis. Sunt torquises imitari velox mirabilis medicinaes. Diatrias tolerare tanquam noster caesium. Morbi tempus commodo mattis. In hac habitasse platea dictumst. Teres talis saepe tractare de camerarius flavum sensorem. Sunt accentores vitare salvus flavum parses. Ubi est barbatus nix. Potus sensim ad ferox abnoba. Ut eleifend mauris et risus ultrices egestas.',
        '2022-08-17 12:58:56'),
       (146, 30, 3,
        'Aliquam sodales odio id eleifend tristique. Ubi est audax amicitia. Diatrias tolerare tanquam noster caesium. Vae humani generis. Silva de secundus galatae demitto quadra. Eposs sunt solems de superbus fortis. Mineralis persuadere omnes finises desiderium. Sed varius a risus eget aliquam. Morbi tempus commodo mattis. In hac habitasse platea dictumst. Abnobas sunt hilotaes de placidus vita.',
        '2022-08-17 12:58:52'),
       (147, 30, 3,
        'Urna nisl sollicitudin id varius orci quam id turpis. Lorem ipsum dolor sit amet consectetur adipiscing elit. Teres talis saepe tractare de camerarius flavum sensorem. Sunt seculaes transferre talis camerarius fluctuies. Eros diam egestas libero eu vulputate risus.',
        '2022-08-17 12:58:53'),
       (148, 30, 3,
        'Mineralis persuadere omnes finises desiderium. Abnobas sunt hilotaes de placidus vita. In hac habitasse platea dictumst. Nunc viverra elit ac laoreet suscipit. Sunt accentores vitare salvus flavum parses. Morbi tempus commodo mattis. Lorem ipsum dolor sit amet consectetur adipiscing elit. Nulla porta lobortis ligula vel egestas. Era brevis ratione est.',
        '2022-08-17 12:58:54'),
       (149, 30, 3,
        'Sunt torquises imitari velox mirabilis medicinaes. Nunc viverra elit ac laoreet suscipit. Pellentesque vitae velit ex. Nulla porta lobortis ligula vel egestas. Silva de secundus galatae demitto quadra. Eposs sunt solems de superbus fortis. Potus sensim ad ferox abnoba.',
        '2022-08-17 12:58:55'),
       (150, 30, 3,
        'Diatrias tolerare tanquam noster caesium. Era brevis ratione est. Sunt torquises imitari velox mirabilis medicinaes. Teres talis saepe tractare de camerarius flavum sensorem. Ubi est barbatus nix. Silva de secundus galatae demitto quadra.',
        '2022-08-17 12:58:56');

-- SQLINES DEMO *** ---------------------------------------

--
-- SQLINES DEMO *** able `post`
--

-- SQLINES LICENSE FOR EVALUATION USE ONLY
CREATE TABLE IF NOT EXISTS public.post
(
    id integer NOT NULL,
    author_id integer NOT NULL,
    title character varying(255) COLLATE pg_catalog."default" NOT NULL,
    slug character varying(255) COLLATE pg_catalog."default" NOT NULL,
    summary character varying(255) COLLATE pg_catalog."default" NOT NULL,
    content text COLLATE pg_catalog."default" NOT NULL,
    published_at timestamp(0) without time zone NOT NULL
);

--
-- SQLINES DEMO ***  données de la table `post`
--

-- SQLINES LICENSE FOR EVALUATION USE ONLY
INSERT INTO post (id, author_id, title, slug, summary, content, published_at)
VALUES (1, 1, 'Lorem ipsum dolor sit amet consectetur adipiscing elit',
        'lorem-ipsum-dolor-sit-amet-consectetur-adipiscing-elit',
        'Sunt accentores vitare salvus flavum parses. Urna nisl sollicitudin id varius orci quam id turpis. Era brevis ratione est. Eposs sunt solems de superbus fortis. Nulla porta lobortis ligula vel egestas. Ubi est audax amicitia.',
        'Lorem ipsum dolor sit amet consectetur adipisicing elit, sed do eiusmod tempornincididunt ut labore et **dolore magna aliqua**: Duis aute irure dolor innreprehenderit in voluptate velit esse cillum dolore eu fugiat nulla pariatur.nExcepteur sint occaecat cupidatat non proident, sunt in culpa qui officiandeserunt mollit anim id est laborum.nn  * Ut enim ad minim veniamn  * Quis nostrud exercitation *ullamco laboris*n  * Nisi ut aliquip ex ea commodo consequatnnPraesent id fermentum lorem. Ut est lorem, fringilla at accumsan nec, euismod atnnunc. Aenean mattis sollicitudin mattis. Nullam pulvinar vestibulum bibendum.nClass aptent taciti sociosqu ad litora torquent per conubia nostra, per inceptosnhimenaeos. Fusce nulla purus, gravida ac interdum ut, blandit eget ex. Duis anluctus dolor.nnInteger auctor massa maximus nulla scelerisque accumsan. *Aliquam ac malesuada*nex. Pellentesque tortor magna, vulputate eu vulputate ut, venenatis ac lectus.nPraesent ut lacinia sem. Mauris a lectus eget felis mollis feugiat. Quisquenefficitur, mi ut semper pulvinar, urna urna blandit massa, eget tincidunt auguennulla vitae est.nnUt posuere aliquet tincidunt. Aliquam erat volutpat. **Class aptent taciti**nsociosqu ad litora torquent per conubia nostra, per inceptos himenaeos. Morbinarcu orci, gravida eget aliquam eu, suscipit et ante. Morbi vulputate metus velnipsum finibus, ut dapibus massa feugiat. Vestibulum vel lobortis libero. Sedntincidunt tellus et viverra scelerisque. Pellentesque tincidunt cursus felis.nSed in egestas erat.nnAliquam pulvinar interdum massa, vel ullamcorper ante consectetur eu. Vestibulumnlacinia ac enim vel placerat. Integer pulvinar magna nec dui malesuada, necncongue nisl dictum. Donec mollis nisl tortor, at congue erat consequat a. Namntempus elit porta, blandit elit vel, viverra lorem. Sed sit amet tellusntincidunt, faucibus nisl in, aliquet libero.',
        '2022-08-17 12:58:50'),
       (2, 1, 'Pellentesque vitae velit ex', 'pellentesque-vitae-velit-ex',
        'Morbi tempus commodo mattis. Pellentesque et sapien pulvinar consectetur. Nulla porta lobortis ligula vel egestas. Diatrias tolerare tanquam noster caesium. Urna nisl sollicitudin id varius orci quam id turpis.',
        'Lorem ipsum dolor sit amet consectetur adipisicing elit, sed do eiusmod tempornincididunt ut labore et **dolore magna aliqua**: Duis aute irure dolor innreprehenderit in voluptate velit esse cillum dolore eu fugiat nulla pariatur.nExcepteur sint occaecat cupidatat non proident, sunt in culpa qui officiandeserunt mollit anim id est laborum.nn  * Ut enim ad minim veniamn  * Quis nostrud exercitation *ullamco laboris*n  * Nisi ut aliquip ex ea commodo consequatnnPraesent id fermentum lorem. Ut est lorem, fringilla at accumsan nec, euismod atnnunc. Aenean mattis sollicitudin mattis. Nullam pulvinar vestibulum bibendum.nClass aptent taciti sociosqu ad litora torquent per conubia nostra, per inceptosnhimenaeos. Fusce nulla purus, gravida ac interdum ut, blandit eget ex. Duis anluctus dolor.nnInteger auctor massa maximus nulla scelerisque accumsan. *Aliquam ac malesuada*nex. Pellentesque tortor magna, vulputate eu vulputate ut, venenatis ac lectus.nPraesent ut lacinia sem. Mauris a lectus eget felis mollis feugiat. Quisquenefficitur, mi ut semper pulvinar, urna urna blandit massa, eget tincidunt auguennulla vitae est.nnUt posuere aliquet tincidunt. Aliquam erat volutpat. **Class aptent taciti**nsociosqu ad litora torquent per conubia nostra, per inceptos himenaeos. Morbinarcu orci, gravida eget aliquam eu, suscipit et ante. Morbi vulputate metus velnipsum finibus, ut dapibus massa feugiat. Vestibulum vel lobortis libero. Sedntincidunt tellus et viverra scelerisque. Pellentesque tincidunt cursus felis.nSed in egestas erat.nnAliquam pulvinar interdum massa, vel ullamcorper ante consectetur eu. Vestibulumnlacinia ac enim vel placerat. Integer pulvinar magna nec dui malesuada, necncongue nisl dictum. Donec mollis nisl tortor, at congue erat consequat a. Namntempus elit porta, blandit elit vel, viverra lorem. Sed sit amet tellusntincidunt, faucibus nisl in, aliquet libero.',
        '2022-08-16 12:58:50'),
       (3, 1, 'Mauris dapibus risus quis suscipit vulputate', 'mauris-dapibus-risus-quis-suscipit-vulputate',
        'Nulla porta lobortis ligula vel egestas. Teres talis saepe tractare de camerarius flavum sensorem. Silva de secundus galatae demitto quadra. Vae humani generis. Bassus fatalis classiss virtualiter transferre de flavum. Morbi tempus commodo mattis.',
        'Lorem ipsum dolor sit amet consectetur adipisicing elit, sed do eiusmod tempornincididunt ut labore et **dolore magna aliqua**: Duis aute irure dolor innreprehenderit in voluptate velit esse cillum dolore eu fugiat nulla pariatur.nExcepteur sint occaecat cupidatat non proident, sunt in culpa qui officiandeserunt mollit anim id est laborum.nn  * Ut enim ad minim veniamn  * Quis nostrud exercitation *ullamco laboris*n  * Nisi ut aliquip ex ea commodo consequatnnPraesent id fermentum lorem. Ut est lorem, fringilla at accumsan nec, euismod atnnunc. Aenean mattis sollicitudin mattis. Nullam pulvinar vestibulum bibendum.nClass aptent taciti sociosqu ad litora torquent per conubia nostra, per inceptosnhimenaeos. Fusce nulla purus, gravida ac interdum ut, blandit eget ex. Duis anluctus dolor.nnInteger auctor massa maximus nulla scelerisque accumsan. *Aliquam ac malesuada*nex. Pellentesque tortor magna, vulputate eu vulputate ut, venenatis ac lectus.nPraesent ut lacinia sem. Mauris a lectus eget felis mollis feugiat. Quisquenefficitur, mi ut semper pulvinar, urna urna blandit massa, eget tincidunt auguennulla vitae est.nnUt posuere aliquet tincidunt. Aliquam erat volutpat. **Class aptent taciti**nsociosqu ad litora torquent per conubia nostra, per inceptos himenaeos. Morbinarcu orci, gravida eget aliquam eu, suscipit et ante. Morbi vulputate metus velnipsum finibus, ut dapibus massa feugiat. Vestibulum vel lobortis libero. Sedntincidunt tellus et viverra scelerisque. Pellentesque tincidunt cursus felis.nSed in egestas erat.nnAliquam pulvinar interdum massa, vel ullamcorper ante consectetur eu. Vestibulumnlacinia ac enim vel placerat. Integer pulvinar magna nec dui malesuada, necncongue nisl dictum. Donec mollis nisl tortor, at congue erat consequat a. Namntempus elit porta, blandit elit vel, viverra lorem. Sed sit amet tellusntincidunt, faucibus nisl in, aliquet libero.',
        '2022-08-15 12:58:50'),
       (4, 1, 'Eros diam egestas libero eu vulputate risus', 'eros-diam-egestas-libero-eu-vulputate-risus',
        'Era brevis ratione est. Bassus fatalis classiss virtualiter transferre de flavum. Curabitur aliquam euismod dolor non ornare. Silva de secundus galatae demitto quadra. Ut suscipit posuere justo at vulputate. Aliquam sodales odio id eleifend tristique.',
        'Lorem ipsum dolor sit amet consectetur adipisicing elit, sed do eiusmod tempornincididunt ut labore et **dolore magna aliqua**: Duis aute irure dolor innreprehenderit in voluptate velit esse cillum dolore eu fugiat nulla pariatur.nExcepteur sint occaecat cupidatat non proident, sunt in culpa qui officiandeserunt mollit anim id est laborum.nn  * Ut enim ad minim veniamn  * Quis nostrud exercitation *ullamco laboris*n  * Nisi ut aliquip ex ea commodo consequatnnPraesent id fermentum lorem. Ut est lorem, fringilla at accumsan nec, euismod atnnunc. Aenean mattis sollicitudin mattis. Nullam pulvinar vestibulum bibendum.nClass aptent taciti sociosqu ad litora torquent per conubia nostra, per inceptosnhimenaeos. Fusce nulla purus, gravida ac interdum ut, blandit eget ex. Duis anluctus dolor.nnInteger auctor massa maximus nulla scelerisque accumsan. *Aliquam ac malesuada*nex. Pellentesque tortor magna, vulputate eu vulputate ut, venenatis ac lectus.nPraesent ut lacinia sem. Mauris a lectus eget felis mollis feugiat. Quisquenefficitur, mi ut semper pulvinar, urna urna blandit massa, eget tincidunt auguennulla vitae est.nnUt posuere aliquet tincidunt. Aliquam erat volutpat. **Class aptent taciti**nsociosqu ad litora torquent per conubia nostra, per inceptos himenaeos. Morbinarcu orci, gravida eget aliquam eu, suscipit et ante. Morbi vulputate metus velnipsum finibus, ut dapibus massa feugiat. Vestibulum vel lobortis libero. Sedntincidunt tellus et viverra scelerisque. Pellentesque tincidunt cursus felis.nSed in egestas erat.nnAliquam pulvinar interdum massa, vel ullamcorper ante consectetur eu. Vestibulumnlacinia ac enim vel placerat. Integer pulvinar magna nec dui malesuada, necncongue nisl dictum. Donec mollis nisl tortor, at congue erat consequat a. Namntempus elit porta, blandit elit vel, viverra lorem. Sed sit amet tellusntincidunt, faucibus nisl in, aliquet libero.',
        '2022-08-14 12:58:50'),
       (5, 1, 'In hac habitasse platea dictumst', 'in-hac-habitasse-platea-dictumst',
        'Mineralis persuadere omnes finises desiderium. Teres talis saepe tractare de camerarius flavum sensorem. Silva de secundus galatae demitto quadra. Bassus fatalis classiss virtualiter transferre de flavum.',
        'Lorem ipsum dolor sit amet consectetur adipisicing elit, sed do eiusmod tempornincididunt ut labore et **dolore magna aliqua**: Duis aute irure dolor innreprehenderit in voluptate velit esse cillum dolore eu fugiat nulla pariatur.nExcepteur sint occaecat cupidatat non proident, sunt in culpa qui officiandeserunt mollit anim id est laborum.nn  * Ut enim ad minim veniamn  * Quis nostrud exercitation *ullamco laboris*n  * Nisi ut aliquip ex ea commodo consequatnnPraesent id fermentum lorem. Ut est lorem, fringilla at accumsan nec, euismod atnnunc. Aenean mattis sollicitudin mattis. Nullam pulvinar vestibulum bibendum.nClass aptent taciti sociosqu ad litora torquent per conubia nostra, per inceptosnhimenaeos. Fusce nulla purus, gravida ac interdum ut, blandit eget ex. Duis anluctus dolor.nnInteger auctor massa maximus nulla scelerisque accumsan. *Aliquam ac malesuada*nex. Pellentesque tortor magna, vulputate eu vulputate ut, venenatis ac lectus.nPraesent ut lacinia sem. Mauris a lectus eget felis mollis feugiat. Quisquenefficitur, mi ut semper pulvinar, urna urna blandit massa, eget tincidunt auguennulla vitae est.nnUt posuere aliquet tincidunt. Aliquam erat volutpat. **Class aptent taciti**nsociosqu ad litora torquent per conubia nostra, per inceptos himenaeos. Morbinarcu orci, gravida eget aliquam eu, suscipit et ante. Morbi vulputate metus velnipsum finibus, ut dapibus massa feugiat. Vestibulum vel lobortis libero. Sedntincidunt tellus et viverra scelerisque. Pellentesque tincidunt cursus felis.nSed in egestas erat.nnAliquam pulvinar interdum massa, vel ullamcorper ante consectetur eu. Vestibulumnlacinia ac enim vel placerat. Integer pulvinar magna nec dui malesuada, necncongue nisl dictum. Donec mollis nisl tortor, at congue erat consequat a. Namntempus elit porta, blandit elit vel, viverra lorem. Sed sit amet tellusntincidunt, faucibus nisl in, aliquet libero.',
        '2022-08-13 12:58:50'),
       (6, 1, 'Morbi tempus commodo mattis', 'morbi-tempus-commodo-mattis',
        'Ut suscipit posuere justo at vulputate. In hac habitasse platea dictumst. Sunt torquises imitari velox mirabilis medicinaes. Mineralis persuadere omnes finises desiderium. Ut eleifend mauris et risus ultrices egestas. Ubi est audax amicitia.',
        'Lorem ipsum dolor sit amet consectetur adipisicing elit, sed do eiusmod tempornincididunt ut labore et **dolore magna aliqua**: Duis aute irure dolor innreprehenderit in voluptate velit esse cillum dolore eu fugiat nulla pariatur.nExcepteur sint occaecat cupidatat non proident, sunt in culpa qui officiandeserunt mollit anim id est laborum.nn  * Ut enim ad minim veniamn  * Quis nostrud exercitation *ullamco laboris*n  * Nisi ut aliquip ex ea commodo consequatnnPraesent id fermentum lorem. Ut est lorem, fringilla at accumsan nec, euismod atnnunc. Aenean mattis sollicitudin mattis. Nullam pulvinar vestibulum bibendum.nClass aptent taciti sociosqu ad litora torquent per conubia nostra, per inceptosnhimenaeos. Fusce nulla purus, gravida ac interdum ut, blandit eget ex. Duis anluctus dolor.nnInteger auctor massa maximus nulla scelerisque accumsan. *Aliquam ac malesuada*nex. Pellentesque tortor magna, vulputate eu vulputate ut, venenatis ac lectus.nPraesent ut lacinia sem. Mauris a lectus eget felis mollis feugiat. Quisquenefficitur, mi ut semper pulvinar, urna urna blandit massa, eget tincidunt auguennulla vitae est.nnUt posuere aliquet tincidunt. Aliquam erat volutpat. **Class aptent taciti**nsociosqu ad litora torquent per conubia nostra, per inceptos himenaeos. Morbinarcu orci, gravida eget aliquam eu, suscipit et ante. Morbi vulputate metus velnipsum finibus, ut dapibus massa feugiat. Vestibulum vel lobortis libero. Sedntincidunt tellus et viverra scelerisque. Pellentesque tincidunt cursus felis.nSed in egestas erat.nnAliquam pulvinar interdum massa, vel ullamcorper ante consectetur eu. Vestibulumnlacinia ac enim vel placerat. Integer pulvinar magna nec dui malesuada, necncongue nisl dictum. Donec mollis nisl tortor, at congue erat consequat a. Namntempus elit porta, blandit elit vel, viverra lorem. Sed sit amet tellusntincidunt, faucibus nisl in, aliquet libero.',
        '2022-08-12 12:58:50'),
       (7, 1, 'Ut suscipit posuere justo at vulputate', 'ut-suscipit-posuere-justo-at-vulputate',
        'Pellentesque et sapien pulvinar consectetur. Eros diam egestas libero eu vulputate risus. Pellentesque vitae velit ex. Potus sensim ad ferox abnoba. Eposs sunt solems de superbus fortis. Mauris dapibus risus quis suscipit vulputate.',
        'Lorem ipsum dolor sit amet consectetur adipisicing elit, sed do eiusmod tempornincididunt ut labore et **dolore magna aliqua**: Duis aute irure dolor innreprehenderit in voluptate velit esse cillum dolore eu fugiat nulla pariatur.nExcepteur sint occaecat cupidatat non proident, sunt in culpa qui officiandeserunt mollit anim id est laborum.nn  * Ut enim ad minim veniamn  * Quis nostrud exercitation *ullamco laboris*n  * Nisi ut aliquip ex ea commodo consequatnnPraesent id fermentum lorem. Ut est lorem, fringilla at accumsan nec, euismod atnnunc. Aenean mattis sollicitudin mattis. Nullam pulvinar vestibulum bibendum.nClass aptent taciti sociosqu ad litora torquent per conubia nostra, per inceptosnhimenaeos. Fusce nulla purus, gravida ac interdum ut, blandit eget ex. Duis anluctus dolor.nnInteger auctor massa maximus nulla scelerisque accumsan. *Aliquam ac malesuada*nex. Pellentesque tortor magna, vulputate eu vulputate ut, venenatis ac lectus.nPraesent ut lacinia sem. Mauris a lectus eget felis mollis feugiat. Quisquenefficitur, mi ut semper pulvinar, urna urna blandit massa, eget tincidunt auguennulla vitae est.nnUt posuere aliquet tincidunt. Aliquam erat volutpat. **Class aptent taciti**nsociosqu ad litora torquent per conubia nostra, per inceptos himenaeos. Morbinarcu orci, gravida eget aliquam eu, suscipit et ante. Morbi vulputate metus velnipsum finibus, ut dapibus massa feugiat. Vestibulum vel lobortis libero. Sedntincidunt tellus et viverra scelerisque. Pellentesque tincidunt cursus felis.nSed in egestas erat.nnAliquam pulvinar interdum massa, vel ullamcorper ante consectetur eu. Vestibulumnlacinia ac enim vel placerat. Integer pulvinar magna nec dui malesuada, necncongue nisl dictum. Donec mollis nisl tortor, at congue erat consequat a. Namntempus elit porta, blandit elit vel, viverra lorem. Sed sit amet tellusntincidunt, faucibus nisl in, aliquet libero.',
        '2022-08-11 12:58:50'),
       (8, 1, 'Ut eleifend mauris et risus ultrices egestas', 'ut-eleifend-mauris-et-risus-ultrices-egestas',
        'In hac habitasse platea dictumst. Potus sensim ad ferox abnoba. Lorem ipsum dolor sit amet consectetur adipiscing elit. Diatrias tolerare tanquam noster caesium. Mineralis persuadere omnes finises desiderium. Abnobas sunt hilotaes de placidus vita.',
        'Lorem ipsum dolor sit amet consectetur adipisicing elit, sed do eiusmod tempornincididunt ut labore et **dolore magna aliqua**: Duis aute irure dolor innreprehenderit in voluptate velit esse cillum dolore eu fugiat nulla pariatur.nExcepteur sint occaecat cupidatat non proident, sunt in culpa qui officiandeserunt mollit anim id est laborum.nn  * Ut enim ad minim veniamn  * Quis nostrud exercitation *ullamco laboris*n  * Nisi ut aliquip ex ea commodo consequatnnPraesent id fermentum lorem. Ut est lorem, fringilla at accumsan nec, euismod atnnunc. Aenean mattis sollicitudin mattis. Nullam pulvinar vestibulum bibendum.nClass aptent taciti sociosqu ad litora torquent per conubia nostra, per inceptosnhimenaeos. Fusce nulla purus, gravida ac interdum ut, blandit eget ex. Duis anluctus dolor.nnInteger auctor massa maximus nulla scelerisque accumsan. *Aliquam ac malesuada*nex. Pellentesque tortor magna, vulputate eu vulputate ut, venenatis ac lectus.nPraesent ut lacinia sem. Mauris a lectus eget felis mollis feugiat. Quisquenefficitur, mi ut semper pulvinar, urna urna blandit massa, eget tincidunt auguennulla vitae est.nnUt posuere aliquet tincidunt. Aliquam erat volutpat. **Class aptent taciti**nsociosqu ad litora torquent per conubia nostra, per inceptos himenaeos. Morbinarcu orci, gravida eget aliquam eu, suscipit et ante. Morbi vulputate metus velnipsum finibus, ut dapibus massa feugiat. Vestibulum vel lobortis libero. Sedntincidunt tellus et viverra scelerisque. Pellentesque tincidunt cursus felis.nSed in egestas erat.nnAliquam pulvinar interdum massa, vel ullamcorper ante consectetur eu. Vestibulumnlacinia ac enim vel placerat. Integer pulvinar magna nec dui malesuada, necncongue nisl dictum. Donec mollis nisl tortor, at congue erat consequat a. Namntempus elit porta, blandit elit vel, viverra lorem. Sed sit amet tellusntincidunt, faucibus nisl in, aliquet libero.',
        '2022-08-10 12:58:50'),
       (9, 2, 'Aliquam sodales odio id eleifend tristique', 'aliquam-sodales-odio-id-eleifend-tristique',
        'Sunt torquises imitari velox mirabilis medicinaes. Pellentesque et sapien pulvinar consectetur. Bassus fatalis classiss virtualiter transferre de flavum. Ut eleifend mauris et risus ultrices egestas. Nulla porta lobortis ligula vel egestas.',
        'Lorem ipsum dolor sit amet consectetur adipisicing elit, sed do eiusmod tempornincididunt ut labore et **dolore magna aliqua**: Duis aute irure dolor innreprehenderit in voluptate velit esse cillum dolore eu fugiat nulla pariatur.nExcepteur sint occaecat cupidatat non proident, sunt in culpa qui officiandeserunt mollit anim id est laborum.nn  * Ut enim ad minim veniamn  * Quis nostrud exercitation *ullamco laboris*n  * Nisi ut aliquip ex ea commodo consequatnnPraesent id fermentum lorem. Ut est lorem, fringilla at accumsan nec, euismod atnnunc. Aenean mattis sollicitudin mattis. Nullam pulvinar vestibulum bibendum.nClass aptent taciti sociosqu ad litora torquent per conubia nostra, per inceptosnhimenaeos. Fusce nulla purus, gravida ac interdum ut, blandit eget ex. Duis anluctus dolor.nnInteger auctor massa maximus nulla scelerisque accumsan. *Aliquam ac malesuada*nex. Pellentesque tortor magna, vulputate eu vulputate ut, venenatis ac lectus.nPraesent ut lacinia sem. Mauris a lectus eget felis mollis feugiat. Quisquenefficitur, mi ut semper pulvinar, urna urna blandit massa, eget tincidunt auguennulla vitae est.nnUt posuere aliquet tincidunt. Aliquam erat volutpat. **Class aptent taciti**nsociosqu ad litora torquent per conubia nostra, per inceptos himenaeos. Morbinarcu orci, gravida eget aliquam eu, suscipit et ante. Morbi vulputate metus velnipsum finibus, ut dapibus massa feugiat. Vestibulum vel lobortis libero. Sedntincidunt tellus et viverra scelerisque. Pellentesque tincidunt cursus felis.nSed in egestas erat.nnAliquam pulvinar interdum massa, vel ullamcorper ante consectetur eu. Vestibulumnlacinia ac enim vel placerat. Integer pulvinar magna nec dui malesuada, necncongue nisl dictum. Donec mollis nisl tortor, at congue erat consequat a. Namntempus elit porta, blandit elit vel, viverra lorem. Sed sit amet tellusntincidunt, faucibus nisl in, aliquet libero.',
        '2022-08-09 12:58:50'),
       (10, 2, 'Urna nisl sollicitudin id varius orci quam id turpis',
        'urna-nisl-sollicitudin-id-varius-orci-quam-id-turpis',
        'Lorem ipsum dolor sit amet consectetur adipiscing elit. Ubi est barbatus nix. Aliquam sodales odio id eleifend tristique. Mineralis persuadere omnes finises desiderium. Silva de secundus galatae demitto quadra.',
        'Lorem ipsum dolor sit amet consectetur adipisicing elit, sed do eiusmod tempornincididunt ut labore et **dolore magna aliqua**: Duis aute irure dolor innreprehenderit in voluptate velit esse cillum dolore eu fugiat nulla pariatur.nExcepteur sint occaecat cupidatat non proident, sunt in culpa qui officiandeserunt mollit anim id est laborum.nn  * Ut enim ad minim veniamn  * Quis nostrud exercitation *ullamco laboris*n  * Nisi ut aliquip ex ea commodo consequatnnPraesent id fermentum lorem. Ut est lorem, fringilla at accumsan nec, euismod atnnunc. Aenean mattis sollicitudin mattis. Nullam pulvinar vestibulum bibendum.nClass aptent taciti sociosqu ad litora torquent per conubia nostra, per inceptosnhimenaeos. Fusce nulla purus, gravida ac interdum ut, blandit eget ex. Duis anluctus dolor.nnInteger auctor massa maximus nulla scelerisque accumsan. *Aliquam ac malesuada*nex. Pellentesque tortor magna, vulputate eu vulputate ut, venenatis ac lectus.nPraesent ut lacinia sem. Mauris a lectus eget felis mollis feugiat. Quisquenefficitur, mi ut semper pulvinar, urna urna blandit massa, eget tincidunt auguennulla vitae est.nnUt posuere aliquet tincidunt. Aliquam erat volutpat. **Class aptent taciti**nsociosqu ad litora torquent per conubia nostra, per inceptos himenaeos. Morbinarcu orci, gravida eget aliquam eu, suscipit et ante. Morbi vulputate metus velnipsum finibus, ut dapibus massa feugiat. Vestibulum vel lobortis libero. Sedntincidunt tellus et viverra scelerisque. Pellentesque tincidunt cursus felis.nSed in egestas erat.nnAliquam pulvinar interdum massa, vel ullamcorper ante consectetur eu. Vestibulumnlacinia ac enim vel placerat. Integer pulvinar magna nec dui malesuada, necncongue nisl dictum. Donec mollis nisl tortor, at congue erat consequat a. Namntempus elit porta, blandit elit vel, viverra lorem. Sed sit amet tellusntincidunt, faucibus nisl in, aliquet libero.',
        '2022-08-08 12:58:50'),
       (11, 1, 'Nulla porta lobortis ligula vel egestas', 'nulla-porta-lobortis-ligula-vel-egestas',
        'Ubi est audax amicitia. Sed varius a risus eget aliquam. Eposs sunt solems de superbus fortis. Sunt accentores vitare salvus flavum parses. Ubi est barbatus nix. Era brevis ratione est. Nunc viverra elit ac laoreet suscipit.',
        'Lorem ipsum dolor sit amet consectetur adipisicing elit, sed do eiusmod tempornincididunt ut labore et **dolore magna aliqua**: Duis aute irure dolor innreprehenderit in voluptate velit esse cillum dolore eu fugiat nulla pariatur.nExcepteur sint occaecat cupidatat non proident, sunt in culpa qui officiandeserunt mollit anim id est laborum.nn  * Ut enim ad minim veniamn  * Quis nostrud exercitation *ullamco laboris*n  * Nisi ut aliquip ex ea commodo consequatnnPraesent id fermentum lorem. Ut est lorem, fringilla at accumsan nec, euismod atnnunc. Aenean mattis sollicitudin mattis. Nullam pulvinar vestibulum bibendum.nClass aptent taciti sociosqu ad litora torquent per conubia nostra, per inceptosnhimenaeos. Fusce nulla purus, gravida ac interdum ut, blandit eget ex. Duis anluctus dolor.nnInteger auctor massa maximus nulla scelerisque accumsan. *Aliquam ac malesuada*nex. Pellentesque tortor magna, vulputate eu vulputate ut, venenatis ac lectus.nPraesent ut lacinia sem. Mauris a lectus eget felis mollis feugiat. Quisquenefficitur, mi ut semper pulvinar, urna urna blandit massa, eget tincidunt auguennulla vitae est.nnUt posuere aliquet tincidunt. Aliquam erat volutpat. **Class aptent taciti**nsociosqu ad litora torquent per conubia nostra, per inceptos himenaeos. Morbinarcu orci, gravida eget aliquam eu, suscipit et ante. Morbi vulputate metus velnipsum finibus, ut dapibus massa feugiat. Vestibulum vel lobortis libero. Sedntincidunt tellus et viverra scelerisque. Pellentesque tincidunt cursus felis.nSed in egestas erat.nnAliquam pulvinar interdum massa, vel ullamcorper ante consectetur eu. Vestibulumnlacinia ac enim vel placerat. Integer pulvinar magna nec dui malesuada, necncongue nisl dictum. Donec mollis nisl tortor, at congue erat consequat a. Namntempus elit porta, blandit elit vel, viverra lorem. Sed sit amet tellusntincidunt, faucibus nisl in, aliquet libero.',
        '2022-08-07 12:58:50'),
       (12, 2, 'Curabitur aliquam euismod dolor non ornare', 'curabitur-aliquam-euismod-dolor-non-ornare',
        'Abnobas sunt hilotaes de placidus vita. Ut suscipit posuere justo at vulputate. Sed varius a risus eget aliquam. Lorem ipsum dolor sit amet consectetur adipiscing elit. Morbi tempus commodo mattis. Silva de secundus galatae demitto quadra.',
        'Lorem ipsum dolor sit amet consectetur adipisicing elit, sed do eiusmod tempornincididunt ut labore et **dolore magna aliqua**: Duis aute irure dolor innreprehenderit in voluptate velit esse cillum dolore eu fugiat nulla pariatur.nExcepteur sint occaecat cupidatat non proident, sunt in culpa qui officiandeserunt mollit anim id est laborum.nn  * Ut enim ad minim veniamn  * Quis nostrud exercitation *ullamco laboris*n  * Nisi ut aliquip ex ea commodo consequatnnPraesent id fermentum lorem. Ut est lorem, fringilla at accumsan nec, euismod atnnunc. Aenean mattis sollicitudin mattis. Nullam pulvinar vestibulum bibendum.nClass aptent taciti sociosqu ad litora torquent per conubia nostra, per inceptosnhimenaeos. Fusce nulla purus, gravida ac interdum ut, blandit eget ex. Duis anluctus dolor.nnInteger auctor massa maximus nulla scelerisque accumsan. *Aliquam ac malesuada*nex. Pellentesque tortor magna, vulputate eu vulputate ut, venenatis ac lectus.nPraesent ut lacinia sem. Mauris a lectus eget felis mollis feugiat. Quisquenefficitur, mi ut semper pulvinar, urna urna blandit massa, eget tincidunt auguennulla vitae est.nnUt posuere aliquet tincidunt. Aliquam erat volutpat. **Class aptent taciti**nsociosqu ad litora torquent per conubia nostra, per inceptos himenaeos. Morbinarcu orci, gravida eget aliquam eu, suscipit et ante. Morbi vulputate metus velnipsum finibus, ut dapibus massa feugiat. Vestibulum vel lobortis libero. Sedntincidunt tellus et viverra scelerisque. Pellentesque tincidunt cursus felis.nSed in egestas erat.nnAliquam pulvinar interdum massa, vel ullamcorper ante consectetur eu. Vestibulumnlacinia ac enim vel placerat. Integer pulvinar magna nec dui malesuada, necncongue nisl dictum. Donec mollis nisl tortor, at congue erat consequat a. Namntempus elit porta, blandit elit vel, viverra lorem. Sed sit amet tellusntincidunt, faucibus nisl in, aliquet libero.',
        '2022-08-06 12:58:50'),
       (13, 2, 'Sed varius a risus eget aliquam', 'sed-varius-a-risus-eget-aliquam',
        'Mauris dapibus risus quis suscipit vulputate. Sed varius a risus eget aliquam. Diatrias tolerare tanquam noster caesium. Ubi est audax amicitia. Pellentesque vitae velit ex. Ubi est barbatus nix. Lorem ipsum dolor sit amet consectetur adipiscing elit.',
        'Lorem ipsum dolor sit amet consectetur adipisicing elit, sed do eiusmod tempornincididunt ut labore et **dolore magna aliqua**: Duis aute irure dolor innreprehenderit in voluptate velit esse cillum dolore eu fugiat nulla pariatur.nExcepteur sint occaecat cupidatat non proident, sunt in culpa qui officiandeserunt mollit anim id est laborum.nn  * Ut enim ad minim veniamn  * Quis nostrud exercitation *ullamco laboris*n  * Nisi ut aliquip ex ea commodo consequatnnPraesent id fermentum lorem. Ut est lorem, fringilla at accumsan nec, euismod atnnunc. Aenean mattis sollicitudin mattis. Nullam pulvinar vestibulum bibendum.nClass aptent taciti sociosqu ad litora torquent per conubia nostra, per inceptosnhimenaeos. Fusce nulla purus, gravida ac interdum ut, blandit eget ex. Duis anluctus dolor.nnInteger auctor massa maximus nulla scelerisque accumsan. *Aliquam ac malesuada*nex. Pellentesque tortor magna, vulputate eu vulputate ut, venenatis ac lectus.nPraesent ut lacinia sem. Mauris a lectus eget felis mollis feugiat. Quisquenefficitur, mi ut semper pulvinar, urna urna blandit massa, eget tincidunt auguennulla vitae est.nnUt posuere aliquet tincidunt. Aliquam erat volutpat. **Class aptent taciti**nsociosqu ad litora torquent per conubia nostra, per inceptos himenaeos. Morbinarcu orci, gravida eget aliquam eu, suscipit et ante. Morbi vulputate metus velnipsum finibus, ut dapibus massa feugiat. Vestibulum vel lobortis libero. Sedntincidunt tellus et viverra scelerisque. Pellentesque tincidunt cursus felis.nSed in egestas erat.nnAliquam pulvinar interdum massa, vel ullamcorper ante consectetur eu. Vestibulumnlacinia ac enim vel placerat. Integer pulvinar magna nec dui malesuada, necncongue nisl dictum. Donec mollis nisl tortor, at congue erat consequat a. Namntempus elit porta, blandit elit vel, viverra lorem. Sed sit amet tellusntincidunt, faucibus nisl in, aliquet libero.',
        '2022-08-05 12:58:50'),
       (14, 1, 'Nunc viverra elit ac laoreet suscipit', 'nunc-viverra-elit-ac-laoreet-suscipit',
        'Sunt torquises imitari velox mirabilis medicinaes. Mineralis persuadere omnes finises desiderium. Potus sensim ad ferox abnoba. Teres talis saepe tractare de camerarius flavum sensorem. Eposs sunt solems de superbus fortis.',
        'Lorem ipsum dolor sit amet consectetur adipisicing elit, sed do eiusmod tempornincididunt ut labore et **dolore magna aliqua**: Duis aute irure dolor innreprehenderit in voluptate velit esse cillum dolore eu fugiat nulla pariatur.nExcepteur sint occaecat cupidatat non proident, sunt in culpa qui officiandeserunt mollit anim id est laborum.nn  * Ut enim ad minim veniamn  * Quis nostrud exercitation *ullamco laboris*n  * Nisi ut aliquip ex ea commodo consequatnnPraesent id fermentum lorem. Ut est lorem, fringilla at accumsan nec, euismod atnnunc. Aenean mattis sollicitudin mattis. Nullam pulvinar vestibulum bibendum.nClass aptent taciti sociosqu ad litora torquent per conubia nostra, per inceptosnhimenaeos. Fusce nulla purus, gravida ac interdum ut, blandit eget ex. Duis anluctus dolor.nnInteger auctor massa maximus nulla scelerisque accumsan. *Aliquam ac malesuada*nex. Pellentesque tortor magna, vulputate eu vulputate ut, venenatis ac lectus.nPraesent ut lacinia sem. Mauris a lectus eget felis mollis feugiat. Quisquenefficitur, mi ut semper pulvinar, urna urna blandit massa, eget tincidunt auguennulla vitae est.nnUt posuere aliquet tincidunt. Aliquam erat volutpat. **Class aptent taciti**nsociosqu ad litora torquent per conubia nostra, per inceptos himenaeos. Morbinarcu orci, gravida eget aliquam eu, suscipit et ante. Morbi vulputate metus velnipsum finibus, ut dapibus massa feugiat. Vestibulum vel lobortis libero. Sedntincidunt tellus et viverra scelerisque. Pellentesque tincidunt cursus felis.nSed in egestas erat.nnAliquam pulvinar interdum massa, vel ullamcorper ante consectetur eu. Vestibulumnlacinia ac enim vel placerat. Integer pulvinar magna nec dui malesuada, necncongue nisl dictum. Donec mollis nisl tortor, at congue erat consequat a. Namntempus elit porta, blandit elit vel, viverra lorem. Sed sit amet tellusntincidunt, faucibus nisl in, aliquet libero.',
        '2022-08-04 12:58:50'),
       (15, 2, 'Pellentesque et sapien pulvinar consectetur', 'pellentesque-et-sapien-pulvinar-consectetur',
        'Morbi tempus commodo mattis. Nunc viverra elit ac laoreet suscipit. Ubi est barbatus nix. Ubi est audax amicitia. Mauris dapibus risus quis suscipit vulputate. Sunt accentores vitare salvus flavum parses. Nulla porta lobortis ligula vel egestas.',
        'Lorem ipsum dolor sit amet consectetur adipisicing elit, sed do eiusmod tempornincididunt ut labore et **dolore magna aliqua**: Duis aute irure dolor innreprehenderit in voluptate velit esse cillum dolore eu fugiat nulla pariatur.nExcepteur sint occaecat cupidatat non proident, sunt in culpa qui officiandeserunt mollit anim id est laborum.nn  * Ut enim ad minim veniamn  * Quis nostrud exercitation *ullamco laboris*n  * Nisi ut aliquip ex ea commodo consequatnnPraesent id fermentum lorem. Ut est lorem, fringilla at accumsan nec, euismod atnnunc. Aenean mattis sollicitudin mattis. Nullam pulvinar vestibulum bibendum.nClass aptent taciti sociosqu ad litora torquent per conubia nostra, per inceptosnhimenaeos. Fusce nulla purus, gravida ac interdum ut, blandit eget ex. Duis anluctus dolor.nnInteger auctor massa maximus nulla scelerisque accumsan. *Aliquam ac malesuada*nex. Pellentesque tortor magna, vulputate eu vulputate ut, venenatis ac lectus.nPraesent ut lacinia sem. Mauris a lectus eget felis mollis feugiat. Quisquenefficitur, mi ut semper pulvinar, urna urna blandit massa, eget tincidunt auguennulla vitae est.nnUt posuere aliquet tincidunt. Aliquam erat volutpat. **Class aptent taciti**nsociosqu ad litora torquent per conubia nostra, per inceptos himenaeos. Morbinarcu orci, gravida eget aliquam eu, suscipit et ante. Morbi vulputate metus velnipsum finibus, ut dapibus massa feugiat. Vestibulum vel lobortis libero. Sedntincidunt tellus et viverra scelerisque. Pellentesque tincidunt cursus felis.nSed in egestas erat.nnAliquam pulvinar interdum massa, vel ullamcorper ante consectetur eu. Vestibulumnlacinia ac enim vel placerat. Integer pulvinar magna nec dui malesuada, necncongue nisl dictum. Donec mollis nisl tortor, at congue erat consequat a. Namntempus elit porta, blandit elit vel, viverra lorem. Sed sit amet tellusntincidunt, faucibus nisl in, aliquet libero.',
        '2022-08-03 12:58:50'),
       (16, 1, 'Ubi est barbatus nix', 'ubi-est-barbatus-nix',
        'Abnobas sunt hilotaes de placidus vita. Silva de secundus galatae demitto quadra. Vae humani generis. Urna nisl sollicitudin id varius orci quam id turpis. Sunt accentores vitare salvus flavum parses. Ut suscipit posuere justo at vulputate.',
        'Lorem ipsum dolor sit amet consectetur adipisicing elit, sed do eiusmod tempornincididunt ut labore et **dolore magna aliqua**: Duis aute irure dolor innreprehenderit in voluptate velit esse cillum dolore eu fugiat nulla pariatur.nExcepteur sint occaecat cupidatat non proident, sunt in culpa qui officiandeserunt mollit anim id est laborum.nn  * Ut enim ad minim veniamn  * Quis nostrud exercitation *ullamco laboris*n  * Nisi ut aliquip ex ea commodo consequatnnPraesent id fermentum lorem. Ut est lorem, fringilla at accumsan nec, euismod atnnunc. Aenean mattis sollicitudin mattis. Nullam pulvinar vestibulum bibendum.nClass aptent taciti sociosqu ad litora torquent per conubia nostra, per inceptosnhimenaeos. Fusce nulla purus, gravida ac interdum ut, blandit eget ex. Duis anluctus dolor.nnInteger auctor massa maximus nulla scelerisque accumsan. *Aliquam ac malesuada*nex. Pellentesque tortor magna, vulputate eu vulputate ut, venenatis ac lectus.nPraesent ut lacinia sem. Mauris a lectus eget felis mollis feugiat. Quisquenefficitur, mi ut semper pulvinar, urna urna blandit massa, eget tincidunt auguennulla vitae est.nnUt posuere aliquet tincidunt. Aliquam erat volutpat. **Class aptent taciti**nsociosqu ad litora torquent per conubia nostra, per inceptos himenaeos. Morbinarcu orci, gravida eget aliquam eu, suscipit et ante. Morbi vulputate metus velnipsum finibus, ut dapibus massa feugiat. Vestibulum vel lobortis libero. Sedntincidunt tellus et viverra scelerisque. Pellentesque tincidunt cursus felis.nSed in egestas erat.nnAliquam pulvinar interdum massa, vel ullamcorper ante consectetur eu. Vestibulumnlacinia ac enim vel placerat. Integer pulvinar magna nec dui malesuada, necncongue nisl dictum. Donec mollis nisl tortor, at congue erat consequat a. Namntempus elit porta, blandit elit vel, viverra lorem. Sed sit amet tellusntincidunt, faucibus nisl in, aliquet libero.',
        '2022-08-02 12:58:50'),
       (17, 2, 'Abnobas sunt hilotaes de placidus vita', 'abnobas-sunt-hilotaes-de-placidus-vita',
        'Bassus fatalis classiss virtualiter transferre de flavum. Teres talis saepe tractare de camerarius flavum sensorem. Sunt accentores vitare salvus flavum parses. Nulla porta lobortis ligula vel egestas. Urna nisl sollicitudin id varius orci quam id turpis.',
        'Lorem ipsum dolor sit amet consectetur adipisicing elit, sed do eiusmod tempornincididunt ut labore et **dolore magna aliqua**: Duis aute irure dolor innreprehenderit in voluptate velit esse cillum dolore eu fugiat nulla pariatur.nExcepteur sint occaecat cupidatat non proident, sunt in culpa qui officiandeserunt mollit anim id est laborum.nn  * Ut enim ad minim veniamn  * Quis nostrud exercitation *ullamco laboris*n  * Nisi ut aliquip ex ea commodo consequatnnPraesent id fermentum lorem. Ut est lorem, fringilla at accumsan nec, euismod atnnunc. Aenean mattis sollicitudin mattis. Nullam pulvinar vestibulum bibendum.nClass aptent taciti sociosqu ad litora torquent per conubia nostra, per inceptosnhimenaeos. Fusce nulla purus, gravida ac interdum ut, blandit eget ex. Duis anluctus dolor.nnInteger auctor massa maximus nulla scelerisque accumsan. *Aliquam ac malesuada*nex. Pellentesque tortor magna, vulputate eu vulputate ut, venenatis ac lectus.nPraesent ut lacinia sem. Mauris a lectus eget felis mollis feugiat. Quisquenefficitur, mi ut semper pulvinar, urna urna blandit massa, eget tincidunt auguennulla vitae est.nnUt posuere aliquet tincidunt. Aliquam erat volutpat. **Class aptent taciti**nsociosqu ad litora torquent per conubia nostra, per inceptos himenaeos. Morbinarcu orci, gravida eget aliquam eu, suscipit et ante. Morbi vulputate metus velnipsum finibus, ut dapibus massa feugiat. Vestibulum vel lobortis libero. Sedntincidunt tellus et viverra scelerisque. Pellentesque tincidunt cursus felis.nSed in egestas erat.nnAliquam pulvinar interdum massa, vel ullamcorper ante consectetur eu. Vestibulumnlacinia ac enim vel placerat. Integer pulvinar magna nec dui malesuada, necncongue nisl dictum. Donec mollis nisl tortor, at congue erat consequat a. Namntempus elit porta, blandit elit vel, viverra lorem. Sed sit amet tellusntincidunt, faucibus nisl in, aliquet libero.',
        '2022-08-01 12:58:50'),
       (18, 1, 'Ubi est audax amicitia', 'ubi-est-audax-amicitia',
        'Eposs sunt solems de superbus fortis. Abnobas sunt hilotaes de placidus vita. Pellentesque et sapien pulvinar consectetur. Sunt accentores vitare salvus flavum parses. Teres talis saepe tractare de camerarius flavum sensorem.',
        'Lorem ipsum dolor sit amet consectetur adipisicing elit, sed do eiusmod tempornincididunt ut labore et **dolore magna aliqua**: Duis aute irure dolor innreprehenderit in voluptate velit esse cillum dolore eu fugiat nulla pariatur.nExcepteur sint occaecat cupidatat non proident, sunt in culpa qui officiandeserunt mollit anim id est laborum.nn  * Ut enim ad minim veniamn  * Quis nostrud exercitation *ullamco laboris*n  * Nisi ut aliquip ex ea commodo consequatnnPraesent id fermentum lorem. Ut est lorem, fringilla at accumsan nec, euismod atnnunc. Aenean mattis sollicitudin mattis. Nullam pulvinar vestibulum bibendum.nClass aptent taciti sociosqu ad litora torquent per conubia nostra, per inceptosnhimenaeos. Fusce nulla purus, gravida ac interdum ut, blandit eget ex. Duis anluctus dolor.nnInteger auctor massa maximus nulla scelerisque accumsan. *Aliquam ac malesuada*nex. Pellentesque tortor magna, vulputate eu vulputate ut, venenatis ac lectus.nPraesent ut lacinia sem. Mauris a lectus eget felis mollis feugiat. Quisquenefficitur, mi ut semper pulvinar, urna urna blandit massa, eget tincidunt auguennulla vitae est.nnUt posuere aliquet tincidunt. Aliquam erat volutpat. **Class aptent taciti**nsociosqu ad litora torquent per conubia nostra, per inceptos himenaeos. Morbinarcu orci, gravida eget aliquam eu, suscipit et ante. Morbi vulputate metus velnipsum finibus, ut dapibus massa feugiat. Vestibulum vel lobortis libero. Sedntincidunt tellus et viverra scelerisque. Pellentesque tincidunt cursus felis.nSed in egestas erat.nnAliquam pulvinar interdum massa, vel ullamcorper ante consectetur eu. Vestibulumnlacinia ac enim vel placerat. Integer pulvinar magna nec dui malesuada, necncongue nisl dictum. Donec mollis nisl tortor, at congue erat consequat a. Namntempus elit porta, blandit elit vel, viverra lorem. Sed sit amet tellusntincidunt, faucibus nisl in, aliquet libero.',
        '2022-07-31 12:58:50'),
       (19, 2, 'Eposs sunt solems de superbus fortis', 'eposs-sunt-solems-de-superbus-fortis',
        'Era brevis ratione est. Diatrias tolerare tanquam noster caesium. Curabitur aliquam euismod dolor non ornare. Nunc viverra elit ac laoreet suscipit. Nulla porta lobortis ligula vel egestas. Mineralis persuadere omnes finises desiderium.',
        'Lorem ipsum dolor sit amet consectetur adipisicing elit, sed do eiusmod tempornincididunt ut labore et **dolore magna aliqua**: Duis aute irure dolor innreprehenderit in voluptate velit esse cillum dolore eu fugiat nulla pariatur.nExcepteur sint occaecat cupidatat non proident, sunt in culpa qui officiandeserunt mollit anim id est laborum.nn  * Ut enim ad minim veniamn  * Quis nostrud exercitation *ullamco laboris*n  * Nisi ut aliquip ex ea commodo consequatnnPraesent id fermentum lorem. Ut est lorem, fringilla at accumsan nec, euismod atnnunc. Aenean mattis sollicitudin mattis. Nullam pulvinar vestibulum bibendum.nClass aptent taciti sociosqu ad litora torquent per conubia nostra, per inceptosnhimenaeos. Fusce nulla purus, gravida ac interdum ut, blandit eget ex. Duis anluctus dolor.nnInteger auctor massa maximus nulla scelerisque accumsan. *Aliquam ac malesuada*nex. Pellentesque tortor magna, vulputate eu vulputate ut, venenatis ac lectus.nPraesent ut lacinia sem. Mauris a lectus eget felis mollis feugiat. Quisquenefficitur, mi ut semper pulvinar, urna urna blandit massa, eget tincidunt auguennulla vitae est.nnUt posuere aliquet tincidunt. Aliquam erat volutpat. **Class aptent taciti**nsociosqu ad litora torquent per conubia nostra, per inceptos himenaeos. Morbinarcu orci, gravida eget aliquam eu, suscipit et ante. Morbi vulputate metus velnipsum finibus, ut dapibus massa feugiat. Vestibulum vel lobortis libero. Sedntincidunt tellus et viverra scelerisque. Pellentesque tincidunt cursus felis.nSed in egestas erat.nnAliquam pulvinar interdum massa, vel ullamcorper ante consectetur eu. Vestibulumnlacinia ac enim vel placerat. Integer pulvinar magna nec dui malesuada, necncongue nisl dictum. Donec mollis nisl tortor, at congue erat consequat a. Namntempus elit porta, blandit elit vel, viverra lorem. Sed sit amet tellusntincidunt, faucibus nisl in, aliquet libero.',
        '2022-07-30 12:58:50'),
       (20, 2, 'Vae humani generis', 'vae-humani-generis',
        'Silva de secundus galatae demitto quadra. Diatrias tolerare tanquam noster caesium. Teres talis saepe tractare de camerarius flavum sensorem. Vae humani generis. Eposs sunt solems de superbus fortis. In hac habitasse platea dictumst.',
        'Lorem ipsum dolor sit amet consectetur adipisicing elit, sed do eiusmod tempornincididunt ut labore et **dolore magna aliqua**: Duis aute irure dolor innreprehenderit in voluptate velit esse cillum dolore eu fugiat nulla pariatur.nExcepteur sint occaecat cupidatat non proident, sunt in culpa qui officiandeserunt mollit anim id est laborum.nn  * Ut enim ad minim veniamn  * Quis nostrud exercitation *ullamco laboris*n  * Nisi ut aliquip ex ea commodo consequatnnPraesent id fermentum lorem. Ut est lorem, fringilla at accumsan nec, euismod atnnunc. Aenean mattis sollicitudin mattis. Nullam pulvinar vestibulum bibendum.nClass aptent taciti sociosqu ad litora torquent per conubia nostra, per inceptosnhimenaeos. Fusce nulla purus, gravida ac interdum ut, blandit eget ex. Duis anluctus dolor.nnInteger auctor massa maximus nulla scelerisque accumsan. *Aliquam ac malesuada*nex. Pellentesque tortor magna, vulputate eu vulputate ut, venenatis ac lectus.nPraesent ut lacinia sem. Mauris a lectus eget felis mollis feugiat. Quisquenefficitur, mi ut semper pulvinar, urna urna blandit massa, eget tincidunt auguennulla vitae est.nnUt posuere aliquet tincidunt. Aliquam erat volutpat. **Class aptent taciti**nsociosqu ad litora torquent per conubia nostra, per inceptos himenaeos. Morbinarcu orci, gravida eget aliquam eu, suscipit et ante. Morbi vulputate metus velnipsum finibus, ut dapibus massa feugiat. Vestibulum vel lobortis libero. Sedntincidunt tellus et viverra scelerisque. Pellentesque tincidunt cursus felis.nSed in egestas erat.nnAliquam pulvinar interdum massa, vel ullamcorper ante consectetur eu. Vestibulumnlacinia ac enim vel placerat. Integer pulvinar magna nec dui malesuada, necncongue nisl dictum. Donec mollis nisl tortor, at congue erat consequat a. Namntempus elit porta, blandit elit vel, viverra lorem. Sed sit amet tellusntincidunt, faucibus nisl in, aliquet libero.',
        '2022-07-29 12:58:50'),
       (21, 2, 'Diatrias tolerare tanquam noster caesium', 'diatrias-tolerare-tanquam-noster-caesium',
        'Silva de secundus galatae demitto quadra. Diatrias tolerare tanquam noster caesium. Bassus fatalis classiss virtualiter transferre de flavum. Ut suscipit posuere justo at vulputate. Potus sensim ad ferox abnoba.',
        'Lorem ipsum dolor sit amet consectetur adipisicing elit, sed do eiusmod tempornincididunt ut labore et **dolore magna aliqua**: Duis aute irure dolor innreprehenderit in voluptate velit esse cillum dolore eu fugiat nulla pariatur.nExcepteur sint occaecat cupidatat non proident, sunt in culpa qui officiandeserunt mollit anim id est laborum.nn  * Ut enim ad minim veniamn  * Quis nostrud exercitation *ullamco laboris*n  * Nisi ut aliquip ex ea commodo consequatnnPraesent id fermentum lorem. Ut est lorem, fringilla at accumsan nec, euismod atnnunc. Aenean mattis sollicitudin mattis. Nullam pulvinar vestibulum bibendum.nClass aptent taciti sociosqu ad litora torquent per conubia nostra, per inceptosnhimenaeos. Fusce nulla purus, gravida ac interdum ut, blandit eget ex. Duis anluctus dolor.nnInteger auctor massa maximus nulla scelerisque accumsan. *Aliquam ac malesuada*nex. Pellentesque tortor magna, vulputate eu vulputate ut, venenatis ac lectus.nPraesent ut lacinia sem. Mauris a lectus eget felis mollis feugiat. Quisquenefficitur, mi ut semper pulvinar, urna urna blandit massa, eget tincidunt auguennulla vitae est.nnUt posuere aliquet tincidunt. Aliquam erat volutpat. **Class aptent taciti**nsociosqu ad litora torquent per conubia nostra, per inceptos himenaeos. Morbinarcu orci, gravida eget aliquam eu, suscipit et ante. Morbi vulputate metus velnipsum finibus, ut dapibus massa feugiat. Vestibulum vel lobortis libero. Sedntincidunt tellus et viverra scelerisque. Pellentesque tincidunt cursus felis.nSed in egestas erat.nnAliquam pulvinar interdum massa, vel ullamcorper ante consectetur eu. Vestibulumnlacinia ac enim vel placerat. Integer pulvinar magna nec dui malesuada, necncongue nisl dictum. Donec mollis nisl tortor, at congue erat consequat a. Namntempus elit porta, blandit elit vel, viverra lorem. Sed sit amet tellusntincidunt, faucibus nisl in, aliquet libero.',
        '2022-07-28 12:58:50');
-- SQLINES LICENSE FOR EVALUATION USE ONLY
INSERT INTO post (id, author_id, title, slug, summary, content, published_at)
VALUES (22, 2, 'Teres talis saepe tractare de camerarius flavum sensorem',
        'teres-talis-saepe-tractare-de-camerarius-flavum-sensorem',
        'Era brevis ratione est. Potus sensim ad ferox abnoba. Morbi tempus commodo mattis. Eposs sunt solems de superbus fortis. Ubi est barbatus nix. Eros diam egestas libero eu vulputate risus. Sed varius a risus eget aliquam.',
        'Lorem ipsum dolor sit amet consectetur adipisicing elit, sed do eiusmod tempornincididunt ut labore et **dolore magna aliqua**: Duis aute irure dolor innreprehenderit in voluptate velit esse cillum dolore eu fugiat nulla pariatur.nExcepteur sint occaecat cupidatat non proident, sunt in culpa qui officiandeserunt mollit anim id est laborum.nn  * Ut enim ad minim veniamn  * Quis nostrud exercitation *ullamco laboris*n  * Nisi ut aliquip ex ea commodo consequatnnPraesent id fermentum lorem. Ut est lorem, fringilla at accumsan nec, euismod atnnunc. Aenean mattis sollicitudin mattis. Nullam pulvinar vestibulum bibendum.nClass aptent taciti sociosqu ad litora torquent per conubia nostra, per inceptosnhimenaeos. Fusce nulla purus, gravida ac interdum ut, blandit eget ex. Duis anluctus dolor.nnInteger auctor massa maximus nulla scelerisque accumsan. *Aliquam ac malesuada*nex. Pellentesque tortor magna, vulputate eu vulputate ut, venenatis ac lectus.nPraesent ut lacinia sem. Mauris a lectus eget felis mollis feugiat. Quisquenefficitur, mi ut semper pulvinar, urna urna blandit massa, eget tincidunt auguennulla vitae est.nnUt posuere aliquet tincidunt. Aliquam erat volutpat. **Class aptent taciti**nsociosqu ad litora torquent per conubia nostra, per inceptos himenaeos. Morbinarcu orci, gravida eget aliquam eu, suscipit et ante. Morbi vulputate metus velnipsum finibus, ut dapibus massa feugiat. Vestibulum vel lobortis libero. Sedntincidunt tellus et viverra scelerisque. Pellentesque tincidunt cursus felis.nSed in egestas erat.nnAliquam pulvinar interdum massa, vel ullamcorper ante consectetur eu. Vestibulumnlacinia ac enim vel placerat. Integer pulvinar magna nec dui malesuada, necncongue nisl dictum. Donec mollis nisl tortor, at congue erat consequat a. Namntempus elit porta, blandit elit vel, viverra lorem. Sed sit amet tellusntincidunt, faucibus nisl in, aliquet libero.',
        '2022-07-27 12:58:50'),
       (23, 1, 'Silva de secundus galatae demitto quadra', 'silva-de-secundus-galatae-demitto-quadra',
        'Ubi est barbatus nix. Pellentesque vitae velit ex. Abnobas sunt hilotaes de placidus vita. Nulla porta lobortis ligula vel egestas. Eposs sunt solems de superbus fortis. Diatrias tolerare tanquam noster caesium.',
        'Lorem ipsum dolor sit amet consectetur adipisicing elit, sed do eiusmod tempornincididunt ut labore et **dolore magna aliqua**: Duis aute irure dolor innreprehenderit in voluptate velit esse cillum dolore eu fugiat nulla pariatur.nExcepteur sint occaecat cupidatat non proident, sunt in culpa qui officiandeserunt mollit anim id est laborum.nn  * Ut enim ad minim veniamn  * Quis nostrud exercitation *ullamco laboris*n  * Nisi ut aliquip ex ea commodo consequatnnPraesent id fermentum lorem. Ut est lorem, fringilla at accumsan nec, euismod atnnunc. Aenean mattis sollicitudin mattis. Nullam pulvinar vestibulum bibendum.nClass aptent taciti sociosqu ad litora torquent per conubia nostra, per inceptosnhimenaeos. Fusce nulla purus, gravida ac interdum ut, blandit eget ex. Duis anluctus dolor.nnInteger auctor massa maximus nulla scelerisque accumsan. *Aliquam ac malesuada*nex. Pellentesque tortor magna, vulputate eu vulputate ut, venenatis ac lectus.nPraesent ut lacinia sem. Mauris a lectus eget felis mollis feugiat. Quisquenefficitur, mi ut semper pulvinar, urna urna blandit massa, eget tincidunt auguennulla vitae est.nnUt posuere aliquet tincidunt. Aliquam erat volutpat. **Class aptent taciti**nsociosqu ad litora torquent per conubia nostra, per inceptos himenaeos. Morbinarcu orci, gravida eget aliquam eu, suscipit et ante. Morbi vulputate metus velnipsum finibus, ut dapibus massa feugiat. Vestibulum vel lobortis libero. Sedntincidunt tellus et viverra scelerisque. Pellentesque tincidunt cursus felis.nSed in egestas erat.nnAliquam pulvinar interdum massa, vel ullamcorper ante consectetur eu. Vestibulumnlacinia ac enim vel placerat. Integer pulvinar magna nec dui malesuada, necncongue nisl dictum. Donec mollis nisl tortor, at congue erat consequat a. Namntempus elit porta, blandit elit vel, viverra lorem. Sed sit amet tellusntincidunt, faucibus nisl in, aliquet libero.',
        '2022-07-26 12:58:50'),
       (24, 2, 'Sunt accentores vitare salvus flavum parses', 'sunt-accentores-vitare-salvus-flavum-parses',
        'Pellentesque vitae velit ex. Eros diam egestas libero eu vulputate risus. Sed varius a risus eget aliquam. Aliquam sodales odio id eleifend tristique. Vae humani generis. Nulla porta lobortis ligula vel egestas. Morbi tempus commodo mattis.',
        'Lorem ipsum dolor sit amet consectetur adipisicing elit, sed do eiusmod tempornincididunt ut labore et **dolore magna aliqua**: Duis aute irure dolor innreprehenderit in voluptate velit esse cillum dolore eu fugiat nulla pariatur.nExcepteur sint occaecat cupidatat non proident, sunt in culpa qui officiandeserunt mollit anim id est laborum.nn  * Ut enim ad minim veniamn  * Quis nostrud exercitation *ullamco laboris*n  * Nisi ut aliquip ex ea commodo consequatnnPraesent id fermentum lorem. Ut est lorem, fringilla at accumsan nec, euismod atnnunc. Aenean mattis sollicitudin mattis. Nullam pulvinar vestibulum bibendum.nClass aptent taciti sociosqu ad litora torquent per conubia nostra, per inceptosnhimenaeos. Fusce nulla purus, gravida ac interdum ut, blandit eget ex. Duis anluctus dolor.nnInteger auctor massa maximus nulla scelerisque accumsan. *Aliquam ac malesuada*nex. Pellentesque tortor magna, vulputate eu vulputate ut, venenatis ac lectus.nPraesent ut lacinia sem. Mauris a lectus eget felis mollis feugiat. Quisquenefficitur, mi ut semper pulvinar, urna urna blandit massa, eget tincidunt auguennulla vitae est.nnUt posuere aliquet tincidunt. Aliquam erat volutpat. **Class aptent taciti**nsociosqu ad litora torquent per conubia nostra, per inceptos himenaeos. Morbinarcu orci, gravida eget aliquam eu, suscipit et ante. Morbi vulputate metus velnipsum finibus, ut dapibus massa feugiat. Vestibulum vel lobortis libero. Sedntincidunt tellus et viverra scelerisque. Pellentesque tincidunt cursus felis.nSed in egestas erat.nnAliquam pulvinar interdum massa, vel ullamcorper ante consectetur eu. Vestibulumnlacinia ac enim vel placerat. Integer pulvinar magna nec dui malesuada, necncongue nisl dictum. Donec mollis nisl tortor, at congue erat consequat a. Namntempus elit porta, blandit elit vel, viverra lorem. Sed sit amet tellusntincidunt, faucibus nisl in, aliquet libero.',
        '2022-07-25 12:58:50'),
       (25, 1, 'Potus sensim ad ferox abnoba', 'potus-sensim-ad-ferox-abnoba',
        'In hac habitasse platea dictumst. Sunt seculaes transferre talis camerarius fluctuies. Sed varius a risus eget aliquam. Aliquam sodales odio id eleifend tristique. Morbi tempus commodo mattis. Mauris dapibus risus quis suscipit vulputate.',
        'Lorem ipsum dolor sit amet consectetur adipisicing elit, sed do eiusmod tempornincididunt ut labore et **dolore magna aliqua**: Duis aute irure dolor innreprehenderit in voluptate velit esse cillum dolore eu fugiat nulla pariatur.nExcepteur sint occaecat cupidatat non proident, sunt in culpa qui officiandeserunt mollit anim id est laborum.nn  * Ut enim ad minim veniamn  * Quis nostrud exercitation *ullamco laboris*n  * Nisi ut aliquip ex ea commodo consequatnnPraesent id fermentum lorem. Ut est lorem, fringilla at accumsan nec, euismod atnnunc. Aenean mattis sollicitudin mattis. Nullam pulvinar vestibulum bibendum.nClass aptent taciti sociosqu ad litora torquent per conubia nostra, per inceptosnhimenaeos. Fusce nulla purus, gravida ac interdum ut, blandit eget ex. Duis anluctus dolor.nnInteger auctor massa maximus nulla scelerisque accumsan. *Aliquam ac malesuada*nex. Pellentesque tortor magna, vulputate eu vulputate ut, venenatis ac lectus.nPraesent ut lacinia sem. Mauris a lectus eget felis mollis feugiat. Quisquenefficitur, mi ut semper pulvinar, urna urna blandit massa, eget tincidunt auguennulla vitae est.nnUt posuere aliquet tincidunt. Aliquam erat volutpat. **Class aptent taciti**nsociosqu ad litora torquent per conubia nostra, per inceptos himenaeos. Morbinarcu orci, gravida eget aliquam eu, suscipit et ante. Morbi vulputate metus velnipsum finibus, ut dapibus massa feugiat. Vestibulum vel lobortis libero. Sedntincidunt tellus et viverra scelerisque. Pellentesque tincidunt cursus felis.nSed in egestas erat.nnAliquam pulvinar interdum massa, vel ullamcorper ante consectetur eu. Vestibulumnlacinia ac enim vel placerat. Integer pulvinar magna nec dui malesuada, necncongue nisl dictum. Donec mollis nisl tortor, at congue erat consequat a. Namntempus elit porta, blandit elit vel, viverra lorem. Sed sit amet tellusntincidunt, faucibus nisl in, aliquet libero.',
        '2022-07-24 12:58:50'),
       (26, 2, 'Sunt seculaes transferre talis camerarius fluctuies',
        'sunt-seculaes-transferre-talis-camerarius-fluctuies',
        'Eposs sunt solems de superbus fortis. Teres talis saepe tractare de camerarius flavum sensorem. Nulla porta lobortis ligula vel egestas. Sunt torquises imitari velox mirabilis medicinaes. Sed varius a risus eget aliquam.',
        'Lorem ipsum dolor sit amet consectetur adipisicing elit, sed do eiusmod tempornincididunt ut labore et **dolore magna aliqua**: Duis aute irure dolor innreprehenderit in voluptate velit esse cillum dolore eu fugiat nulla pariatur.nExcepteur sint occaecat cupidatat non proident, sunt in culpa qui officiandeserunt mollit anim id est laborum.nn  * Ut enim ad minim veniamn  * Quis nostrud exercitation *ullamco laboris*n  * Nisi ut aliquip ex ea commodo consequatnnPraesent id fermentum lorem. Ut est lorem, fringilla at accumsan nec, euismod atnnunc. Aenean mattis sollicitudin mattis. Nullam pulvinar vestibulum bibendum.nClass aptent taciti sociosqu ad litora torquent per conubia nostra, per inceptosnhimenaeos. Fusce nulla purus, gravida ac interdum ut, blandit eget ex. Duis anluctus dolor.nnInteger auctor massa maximus nulla scelerisque accumsan. *Aliquam ac malesuada*nex. Pellentesque tortor magna, vulputate eu vulputate ut, venenatis ac lectus.nPraesent ut lacinia sem. Mauris a lectus eget felis mollis feugiat. Quisquenefficitur, mi ut semper pulvinar, urna urna blandit massa, eget tincidunt auguennulla vitae est.nnUt posuere aliquet tincidunt. Aliquam erat volutpat. **Class aptent taciti**nsociosqu ad litora torquent per conubia nostra, per inceptos himenaeos. Morbinarcu orci, gravida eget aliquam eu, suscipit et ante. Morbi vulputate metus velnipsum finibus, ut dapibus massa feugiat. Vestibulum vel lobortis libero. Sedntincidunt tellus et viverra scelerisque. Pellentesque tincidunt cursus felis.nSed in egestas erat.nnAliquam pulvinar interdum massa, vel ullamcorper ante consectetur eu. Vestibulumnlacinia ac enim vel placerat. Integer pulvinar magna nec dui malesuada, necncongue nisl dictum. Donec mollis nisl tortor, at congue erat consequat a. Namntempus elit porta, blandit elit vel, viverra lorem. Sed sit amet tellusntincidunt, faucibus nisl in, aliquet libero.',
        '2022-07-23 12:58:50'),
       (27, 2, 'Era brevis ratione est', 'era-brevis-ratione-est',
        'Pellentesque et sapien pulvinar consectetur. Abnobas sunt hilotaes de placidus vita. Eposs sunt solems de superbus fortis. Diatrias tolerare tanquam noster caesium. Ubi est audax amicitia. Morbi tempus commodo mattis.',
        'Lorem ipsum dolor sit amet consectetur adipisicing elit, sed do eiusmod tempornincididunt ut labore et **dolore magna aliqua**: Duis aute irure dolor innreprehenderit in voluptate velit esse cillum dolore eu fugiat nulla pariatur.nExcepteur sint occaecat cupidatat non proident, sunt in culpa qui officiandeserunt mollit anim id est laborum.nn  * Ut enim ad minim veniamn  * Quis nostrud exercitation *ullamco laboris*n  * Nisi ut aliquip ex ea commodo consequatnnPraesent id fermentum lorem. Ut est lorem, fringilla at accumsan nec, euismod atnnunc. Aenean mattis sollicitudin mattis. Nullam pulvinar vestibulum bibendum.nClass aptent taciti sociosqu ad litora torquent per conubia nostra, per inceptosnhimenaeos. Fusce nulla purus, gravida ac interdum ut, blandit eget ex. Duis anluctus dolor.nnInteger auctor massa maximus nulla scelerisque accumsan. *Aliquam ac malesuada*nex. Pellentesque tortor magna, vulputate eu vulputate ut, venenatis ac lectus.nPraesent ut lacinia sem. Mauris a lectus eget felis mollis feugiat. Quisquenefficitur, mi ut semper pulvinar, urna urna blandit massa, eget tincidunt auguennulla vitae est.nnUt posuere aliquet tincidunt. Aliquam erat volutpat. **Class aptent taciti**nsociosqu ad litora torquent per conubia nostra, per inceptos himenaeos. Morbinarcu orci, gravida eget aliquam eu, suscipit et ante. Morbi vulputate metus velnipsum finibus, ut dapibus massa feugiat. Vestibulum vel lobortis libero. Sedntincidunt tellus et viverra scelerisque. Pellentesque tincidunt cursus felis.nSed in egestas erat.nnAliquam pulvinar interdum massa, vel ullamcorper ante consectetur eu. Vestibulumnlacinia ac enim vel placerat. Integer pulvinar magna nec dui malesuada, necncongue nisl dictum. Donec mollis nisl tortor, at congue erat consequat a. Namntempus elit porta, blandit elit vel, viverra lorem. Sed sit amet tellusntincidunt, faucibus nisl in, aliquet libero.',
        '2022-07-22 12:58:50'),
       (28, 1, 'Sunt torquises imitari velox mirabilis medicinaes', 'sunt-torquises-imitari-velox-mirabilis-medicinaes',
        'Bassus fatalis classiss virtualiter transferre de flavum. In hac habitasse platea dictumst. Silva de secundus galatae demitto quadra. Aliquam sodales odio id eleifend tristique. Pellentesque et sapien pulvinar consectetur.',
        'Lorem ipsum dolor sit amet consectetur adipisicing elit, sed do eiusmod tempornincididunt ut labore et **dolore magna aliqua**: Duis aute irure dolor innreprehenderit in voluptate velit esse cillum dolore eu fugiat nulla pariatur.nExcepteur sint occaecat cupidatat non proident, sunt in culpa qui officiandeserunt mollit anim id est laborum.nn  * Ut enim ad minim veniamn  * Quis nostrud exercitation *ullamco laboris*n  * Nisi ut aliquip ex ea commodo consequatnnPraesent id fermentum lorem. Ut est lorem, fringilla at accumsan nec, euismod atnnunc. Aenean mattis sollicitudin mattis. Nullam pulvinar vestibulum bibendum.nClass aptent taciti sociosqu ad litora torquent per conubia nostra, per inceptosnhimenaeos. Fusce nulla purus, gravida ac interdum ut, blandit eget ex. Duis anluctus dolor.nnInteger auctor massa maximus nulla scelerisque accumsan. *Aliquam ac malesuada*nex. Pellentesque tortor magna, vulputate eu vulputate ut, venenatis ac lectus.nPraesent ut lacinia sem. Mauris a lectus eget felis mollis feugiat. Quisquenefficitur, mi ut semper pulvinar, urna urna blandit massa, eget tincidunt auguennulla vitae est.nnUt posuere aliquet tincidunt. Aliquam erat volutpat. **Class aptent taciti**nsociosqu ad litora torquent per conubia nostra, per inceptos himenaeos. Morbinarcu orci, gravida eget aliquam eu, suscipit et ante. Morbi vulputate metus velnipsum finibus, ut dapibus massa feugiat. Vestibulum vel lobortis libero. Sedntincidunt tellus et viverra scelerisque. Pellentesque tincidunt cursus felis.nSed in egestas erat.nnAliquam pulvinar interdum massa, vel ullamcorper ante consectetur eu. Vestibulumnlacinia ac enim vel placerat. Integer pulvinar magna nec dui malesuada, necncongue nisl dictum. Donec mollis nisl tortor, at congue erat consequat a. Namntempus elit porta, blandit elit vel, viverra lorem. Sed sit amet tellusntincidunt, faucibus nisl in, aliquet libero.',
        '2022-07-21 12:58:50'),
       (29, 2, 'Mineralis persuadere omnes finises desiderium', 'mineralis-persuadere-omnes-finises-desiderium',
        'Lorem ipsum dolor sit amet consectetur adipiscing elit. Eposs sunt solems de superbus fortis. Morbi tempus commodo mattis. Ubi est barbatus nix. Era brevis ratione est. Teres talis saepe tractare de camerarius flavum sensorem.',
        'Lorem ipsum dolor sit amet consectetur adipisicing elit, sed do eiusmod tempornincididunt ut labore et **dolore magna aliqua**: Duis aute irure dolor innreprehenderit in voluptate velit esse cillum dolore eu fugiat nulla pariatur.nExcepteur sint occaecat cupidatat non proident, sunt in culpa qui officiandeserunt mollit anim id est laborum.nn  * Ut enim ad minim veniamn  * Quis nostrud exercitation *ullamco laboris*n  * Nisi ut aliquip ex ea commodo consequatnnPraesent id fermentum lorem. Ut est lorem, fringilla at accumsan nec, euismod atnnunc. Aenean mattis sollicitudin mattis. Nullam pulvinar vestibulum bibendum.nClass aptent taciti sociosqu ad litora torquent per conubia nostra, per inceptosnhimenaeos. Fusce nulla purus, gravida ac interdum ut, blandit eget ex. Duis anluctus dolor.nnInteger auctor massa maximus nulla scelerisque accumsan. *Aliquam ac malesuada*nex. Pellentesque tortor magna, vulputate eu vulputate ut, venenatis ac lectus.nPraesent ut lacinia sem. Mauris a lectus eget felis mollis feugiat. Quisquenefficitur, mi ut semper pulvinar, urna urna blandit massa, eget tincidunt auguennulla vitae est.nnUt posuere aliquet tincidunt. Aliquam erat volutpat. **Class aptent taciti**nsociosqu ad litora torquent per conubia nostra, per inceptos himenaeos. Morbinarcu orci, gravida eget aliquam eu, suscipit et ante. Morbi vulputate metus velnipsum finibus, ut dapibus massa feugiat. Vestibulum vel lobortis libero. Sedntincidunt tellus et viverra scelerisque. Pellentesque tincidunt cursus felis.nSed in egestas erat.nnAliquam pulvinar interdum massa, vel ullamcorper ante consectetur eu. Vestibulumnlacinia ac enim vel placerat. Integer pulvinar magna nec dui malesuada, necncongue nisl dictum. Donec mollis nisl tortor, at congue erat consequat a. Namntempus elit porta, blandit elit vel, viverra lorem. Sed sit amet tellusntincidunt, faucibus nisl in, aliquet libero.',
        '2022-07-20 12:58:50'),
       (30, 2, 'Bassus fatalis classiss virtualiter transferre de flavum',
        'bassus-fatalis-classiss-virtualiter-transferre-de-flavum',
        'Mineralis persuadere omnes finises desiderium. Abnobas sunt hilotaes de placidus vita. Lorem ipsum dolor sit amet consectetur adipiscing elit. Sed varius a risus eget aliquam. Ubi est audax amicitia. Eros diam egestas libero eu vulputate risus.',
        'Lorem ipsum dolor sit amet consectetur adipisicing elit, sed do eiusmod tempornincididunt ut labore et **dolore magna aliqua**: Duis aute irure dolor innreprehenderit in voluptate velit esse cillum dolore eu fugiat nulla pariatur.nExcepteur sint occaecat cupidatat non proident, sunt in culpa qui officiandeserunt mollit anim id est laborum.nn  * Ut enim ad minim veniamn  * Quis nostrud exercitation *ullamco laboris*n  * Nisi ut aliquip ex ea commodo consequatnnPraesent id fermentum lorem. Ut est lorem, fringilla at accumsan nec, euismod atnnunc. Aenean mattis sollicitudin mattis. Nullam pulvinar vestibulum bibendum.nClass aptent taciti sociosqu ad litora torquent per conubia nostra, per inceptosnhimenaeos. Fusce nulla purus, gravida ac interdum ut, blandit eget ex. Duis anluctus dolor.nnInteger auctor massa maximus nulla scelerisque accumsan. *Aliquam ac malesuada*nex. Pellentesque tortor magna, vulputate eu vulputate ut, venenatis ac lectus.nPraesent ut lacinia sem. Mauris a lectus eget felis mollis feugiat. Quisquenefficitur, mi ut semper pulvinar, urna urna blandit massa, eget tincidunt auguennulla vitae est.nnUt posuere aliquet tincidunt. Aliquam erat volutpat. **Class aptent taciti**nsociosqu ad litora torquent per conubia nostra, per inceptos himenaeos. Morbinarcu orci, gravida eget aliquam eu, suscipit et ante. Morbi vulputate metus velnipsum finibus, ut dapibus massa feugiat. Vestibulum vel lobortis libero. Sedntincidunt tellus et viverra scelerisque. Pellentesque tincidunt cursus felis.nSed in egestas erat.nnAliquam pulvinar interdum massa, vel ullamcorper ante consectetur eu. Vestibulumnlacinia ac enim vel placerat. Integer pulvinar magna nec dui malesuada, necncongue nisl dictum. Donec mollis nisl tortor, at congue erat consequat a. Namntempus elit porta, blandit elit vel, viverra lorem. Sed sit amet tellusntincidunt, faucibus nisl in, aliquet libero.',
        '2022-07-19 12:58:50');

-- SQLINES DEMO *** ---------------------------------------

--
-- SQLINES DEMO *** able `post_tag`
--

-- SQLINES LICENSE FOR EVALUATION USE ONLY
CREATE TABLE IF NOT EXISTS public.post_tag
(
    post_id integer NOT NULL,
    tag_id integer NOT NULL
);

--
-- SQLINES DEMO ***  données de la table `post_tag`
--

-- SQLINES LICENSE FOR EVALUATION USE ONLY
INSERT INTO post_tag (post_id, tag_id)
VALUES (1, 1),
       (1, 6),
       (1, 7),
       (2, 2),
       (2, 6),
       (2, 7),
       (2, 8),
       (3, 3),
       (3, 4),
       (3, 6),
       (3, 9),
       (4, 8),
       (4, 9),
       (5, 5),
       (5, 6),
       (5, 7),
       (5, 9),
       (6, 3),
       (6, 8),
       (6, 9),
       (7, 1),
       (7, 5),
       (8, 7),
       (8, 8),
       (8, 9),
       (9, 5),
       (9, 7),
       (9, 9),
       (10, 1),
       (10, 2),
       (10, 3),
       (10, 7),
       (11, 1),
       (11, 7),
       (12, 5),
       (12, 6),
       (12, 8),
       (12, 9),
       (13, 5),
       (13, 8),
       (14, 1),
       (14, 2),
       (14, 8),
       (15, 4),
       (15, 5),
       (15, 7),
       (15, 9),
       (16, 4),
       (16, 5),
       (17, 1),
       (17, 2),
       (17, 3),
       (17, 4),
       (18, 3),
       (18, 5),
       (18, 6),
       (18, 7),
       (19, 3),
       (19, 4),
       (19, 7),
       (20, 1),
       (20, 2),
       (20, 7),
       (21, 8),
       (21, 9),
       (22, 3),
       (22, 4),
       (22, 7),
       (22, 8),
       (23, 2),
       (23, 5),
       (23, 7),
       (24, 4),
       (24, 6),
       (24, 8),
       (25, 1),
       (25, 7),
       (25, 8),
       (25, 9),
       (26, 3),
       (26, 9),
       (27, 1),
       (27, 2),
       (27, 5),
       (27, 6),
       (28, 2),
       (28, 3),
       (28, 8),
       (29, 1),
       (29, 2),
       (29, 4),
       (29, 9),
       (30, 1),
       (30, 2),
       (30, 6),
       (30, 9);

-- SQLINES DEMO *** ---------------------------------------

--
-- SQLINES DEMO *** able `tag`
--

-- SQLINES LICENSE FOR EVALUATION USE ONLY
CREATE TABLE IF NOT EXISTS public.tag
(
    id integer NOT NULL,
    name character varying(255) COLLATE pg_catalog."default" NOT NULL
);

--
-- SQLINES DEMO ***  données de la table `tag`
--

-- SQLINES LICENSE FOR EVALUATION USE ONLY
INSERT INTO tag (id, name)
VALUES (4, 'adipiscing'),
       (3, 'consectetur'),
       (8, 'dolore'),
       (5, 'incididunt'),
       (2, 'ipsum'),
       (6, 'labore'),
       (1, 'lorem'),
       (9, 'pariatur'),
       (7, 'voluptate');

-- SQLINES DEMO *** ---------------------------------------

--
-- SQLINES DEMO *** able `user`
--

-- SQLINES LICENSE FOR EVALUATION USE ONLY
CREATE TABLE IF NOT EXISTS public."user"
(
    id integer NOT NULL,
    full_name character varying(255) COLLATE pg_catalog."default" NOT NULL,
    username character varying(255) COLLATE pg_catalog."default" NOT NULL,
    email character varying(255) COLLATE pg_catalog."default" NOT NULL,
    password character varying(255) COLLATE pg_catalog."default" NOT NULL,
    roles text COLLATE pg_catalog."default" NOT NULL
);

--
-- SQLINES DEMO ***  données de la table `user`
--

-- SQLINES LICENSE FOR EVALUATION USE ONLY
INSERT INTO user (id, full_name, username, email, password, roles)
VALUES (1, 'Jane Doe', 'jane_admin', 'jane_admin@symfony.com',
        '$argon2id$v=19$m=65536,t=4,p=1$czBrRGNtbHZndW1jTndTaQ$EuDAiIN75YXMBarzPpmftSzzXdIxHIp+oScAZdbA/rY',
        '["ROLE_ADMIN"]'),
       (2, 'Tom Doe', 'tom_admin', 'tom_admin@symfony.com',
        '$argon2id$v=19$m=65536,t=4,p=1$ZmNHbkhRSU42anh0amhFWQ$yuvhrOIKsc7Zagjy4Jby2jQocyMiYaLpcheUmkO/n0c',
        '["ROLE_ADMIN"]'),
       (3, 'John Doe', 'john_user', 'john_user@symfony.com',
        '$argon2id$v=19$m=65536,t=4,p=1$b1JUZUVvMEZwcktBZHZILg$ZCHhnsC7faxogaerWebV2wbd9m8yqoDN6zzPy7lmqSM',
        '["ROLE_USER"]');

--
-- SQLINES DEMO *** bles déchargées
--

--
-- SQLINES DEMO *** le `doctrine_migration_versions`
--
ALTER TABLE doctrine_migration_versions
    ADD PRIMARY KEY (version);

--
-- SQLINES DEMO *** le `comment`
--
ALTER TABLE comment
    ADD PRIMARY KEY (id),
  ADD KEY `IDX_53AD8F834B89032C` (post_id),
  ADD KEY `IDX_53AD8F83F675F31B` (author_id);

--
-- SQLINES DEMO *** le `post`
--
ALTER TABLE post
    ADD PRIMARY KEY (id),
  ADD KEY `IDX_58A92E65F675F31B` (author_id);

--
-- SQLINES DEMO *** le `post_tag`
--
ALTER TABLE post_tag
    ADD PRIMARY KEY (post_id, tag_id),
  ADD KEY `IDX_6ABC1CC44B89032C` (post_id),
  ADD KEY `IDX_6ABC1CC4BAD26311` (tag_id);

--
-- SQLINES DEMO *** le `tag`
--
ALTER TABLE tag
    ADD PRIMARY KEY (id),
  ADD UNIQUE KEY `UNIQ_4D5855405E237E06` (name);

--
-- SQLINES DEMO *** le `user`
--
ALTER TABLE user
    ADD PRIMARY KEY (id),
  ADD UNIQUE KEY `UNIQ_8FB094A1F85E0677` (username),
  ADD UNIQUE KEY `UNIQ_8FB094A1E7927C74` (email);

--
-- SQLINES DEMO *** ur les tables déchargées
--

--
-- SQLINES DEMO *** ur la table `comment`
--
ALTER TABLE comment
    MODIFY id cast (11 as int) NOT NULL AUTO_INCREMENT, AUTO_INCREMENT=151;

--
-- SQLINES DEMO *** ur la table `post`
--
ALTER TABLE post
    MODIFY id cast (11 as int) NOT NULL AUTO_INCREMENT, AUTO_INCREMENT=31;

--
-- SQLINES DEMO *** ur la table `tag`
--
ALTER TABLE tag
    MODIFY id cast (11 as int) NOT NULL AUTO_INCREMENT, AUTO_INCREMENT=10;

--
-- SQLINES DEMO *** ur la table `user`
--
ALTER TABLE user
    MODIFY id cast (11 as int) NOT NULL AUTO_INCREMENT, AUTO_INCREMENT=4;

--
-- SQLINES DEMO *** les tables déchargées
--

--
-- SQLINES DEMO *** la table `comment`
--
ALTER TABLE comment
    ADD CONSTRAINT FK_53AD8F834B89032C FOREIGN KEY (post_id) REFERENCES post (id),
  ADD CONSTRAINT FK_53AD8F83F675F31B FOREIGN KEY (author_id) REFERENCES `user` (id);

--
-- SQLINES DEMO *** la table `post`
--
ALTER TABLE post
    ADD CONSTRAINT FK_58A92E65F675F31B FOREIGN KEY (author_id) REFERENCES user (id);

--
-- SQLINES DEMO *** la table `post_tag`
--
ALTER TABLE post_tag
    ADD CONSTRAINT FK_6ABC1CC44B89032C FOREIGN KEY (post_id) REFERENCES post (id) ON DELETE CASCADE,
  ADD CONSTRAINT FK_6ABC1CC4BAD26311 FOREIGN KEY (tag_id) REFERENCES `tag` (id) ON
DELETE
CASCADE;
COMMIT;

/* SQLINES DEMO *** ER_SET_CLIENT=@OLD_CHARACTER_SET_CLIENT */;
/* SQLINES DEMO *** ER_SET_RESULTS=@OLD_CHARACTER_SET_RESULTS */;
/* SQLINES DEMO *** ON_CONNECTION=@OLD_COLLATION_CONNECTION */;
